-- MariaDB dump 10.19  Distrib 10.6.5-MariaDB, for Linux (x86_64)
--
-- Host: 127.0.0.1    Database: app
-- ------------------------------------------------------
-- Server version	8.0.27

/*!40101 SET @OLD_CHARACTER_SET_CLIENT=@@CHARACTER_SET_CLIENT */;
/*!40101 SET @OLD_CHARACTER_SET_RESULTS=@@CHARACTER_SET_RESULTS */;
/*!40101 SET @OLD_COLLATION_CONNECTION=@@COLLATION_CONNECTION */;
/*!40101 SET NAMES utf8mb4 */;
/*!40103 SET @OLD_TIME_ZONE=@@TIME_ZONE */;
/*!40103 SET TIME_ZONE='+00:00' */;
/*!40014 SET @OLD_UNIQUE_CHECKS=@@UNIQUE_CHECKS, UNIQUE_CHECKS=0 */;
/*!40014 SET @OLD_FOREIGN_KEY_CHECKS=@@FOREIGN_KEY_CHECKS, FOREIGN_KEY_CHECKS=0 */;
/*!40101 SET @OLD_SQL_MODE=@@SQL_MODE, SQL_MODE='NO_AUTO_VALUE_ON_ZERO' */;
/*!40111 SET @OLD_SQL_NOTES=@@SQL_NOTES, SQL_NOTES=0 */;

--
-- Table structure for table `failed_jobs`
--

DROP TABLE IF EXISTS `failed_jobs`;
/*!40101 SET @saved_cs_client     = @@character_set_client */;
/*!40101 SET character_set_client = utf8 */;
CREATE TABLE `failed_jobs`
(
    `id`         bigint unsigned NOT NULL AUTO_INCREMENT,
    `uuid`       varchar(255) COLLATE utf8mb4_unicode_ci NOT NULL,
    `connection` text COLLATE utf8mb4_unicode_ci         NOT NULL,
    `queue`      text COLLATE utf8mb4_unicode_ci         NOT NULL,
    `payload`    longtext COLLATE utf8mb4_unicode_ci     NOT NULL,
    `exception`  longtext COLLATE utf8mb4_unicode_ci     NOT NULL,
    `failed_at`  timestamp                               NOT NULL DEFAULT CURRENT_TIMESTAMP,
    PRIMARY KEY (`id`),
    UNIQUE KEY `failed_jobs_uuid_unique` (`uuid`)
) ENGINE=InnoDB DEFAULT CHARSET=utf8mb4 COLLATE=utf8mb4_unicode_ci;
/*!40101 SET character_set_client = @saved_cs_client */;

--
-- Dumping data for table `failed_jobs`
--

LOCK
TABLES `failed_jobs` WRITE;
/*!40000 ALTER TABLE `failed_jobs` DISABLE KEYS */;
/*!40000 ALTER TABLE `failed_jobs` ENABLE KEYS */;
UNLOCK
TABLES;

--
-- Table structure for table `libraries`
--

DROP TABLE IF EXISTS `libraries`;
/*!40101 SET @saved_cs_client     = @@character_set_client */;
/*!40101 SET character_set_client = utf8 */;
CREATE TABLE `libraries`
(
    `id`          bigint unsigned NOT NULL AUTO_INCREMENT,
    `user_id`     bigint unsigned NOT NULL,
    `title`       varchar(255) COLLATE utf8mb4_unicode_ci NOT NULL,
    `created_at`  timestamp NULL DEFAULT NULL,
    `updated_at`  timestamp NULL DEFAULT NULL,
    `description` text COLLATE utf8mb4_unicode_ci,
    PRIMARY KEY (`id`),
    KEY           `libraries_user_id_foreign` (`user_id`),
    CONSTRAINT `libraries_user_id_foreign` FOREIGN KEY (`user_id`) REFERENCES `users` (`id`) ON DELETE CASCADE ON UPDATE CASCADE
) ENGINE=InnoDB AUTO_INCREMENT=37 DEFAULT CHARSET=utf8mb4 COLLATE=utf8mb4_unicode_ci;
/*!40101 SET character_set_client = @saved_cs_client */;

--
-- Dumping data for table `libraries`
--

LOCK
TABLES `libraries` WRITE;
/*!40000 ALTER TABLE `libraries` DISABLE KEYS */;
INSERT INTO `libraries`
VALUES (8, 1, 'IT-слова', '2021-12-21 17:45:44', '2021-12-21 17:45:44',
        'Тут будут слова, на которые я наткнулся при изучении программирования, т.е при чтении документации и т.д'),
       (9, 1, 'Глава 1. Предложение с to be и прилагательным. Настоящее время. Утверждение', '2021-12-21 17:58:08',
        '2021-12-21 17:58:08',
        'Мы тут будем практиковаться в to be в настоящем времени утверждение. Тут больше будет практики предложении по To Be'),
       (10, 1, 'Глава 1. Предложение с to be и прилагательным. Настоящее время. Отрицание', '2021-12-21 18:48:57',
        '2021-12-21 18:48:57', NULL),
       (11, 1, 'Глава 1. Предложение с to be и прилагательным. Настоящее время. Вопрос', '2021-12-21 18:54:10',
        '2021-12-21 18:54:10', NULL),
       (12, 1, 'Глава 1. Предложение с to be и прилагательным. Настоящее время. Смешанно', '2021-12-21 18:59:21',
        '2021-12-21 18:59:21', NULL),
       (13, 1, 'Глава 1. Предложение с to be и прилагательным. Прошлое время. Утверждение', '2021-12-21 18:59:33',
        '2021-12-21 18:59:33', NULL),
       (14, 1, 'Глава 1. Предложение с to be и прилагательным. Прошлое время. Отрицание', '2021-12-21 18:59:45',
        '2021-12-21 18:59:45', NULL),
       (15, 1, 'Глава 1. Предложение с to be и прилагательным. Прошлое время. Смешанное', '2021-12-21 18:59:54',
        '2021-12-21 18:59:54', NULL),
       (16, 1, 'Глава 1. Предложение с to be и прилагательным. Прошлое время. Вопрос', '2021-12-21 19:00:09',
        '2021-12-21 19:00:09', NULL),
       (17, 1, 'Цвета', '2021-12-23 18:27:58', '2021-12-23 18:27:58',
        'Это прилагательные цвета. Какой? белый - вот прилагательное ватсон'),
       (18, 1, 'Прилагательные', '2021-12-23 18:30:52', '2021-12-23 18:30:52', NULL),
       (19, 1, 'Существительные', '2021-12-23 18:35:50', '2021-12-23 18:35:50', NULL),
       (20, 1, 'Вот это английский - Интервью', '2021-12-23 19:00:09', '2021-12-23 19:00:09',
        'Тут будут все слова из интервью от канала ВОТ ЭТО Английский'),
       (21, 1, 'Глава 1. Глагол To Be с существительным', '2021-12-24 17:46:08', '2021-12-24 17:46:08', NULL),
       (22, 1, 'Глава 1. Глагол To Be с существительным и c прилагательным', '2021-12-24 17:57:59',
        '2021-12-24 17:57:59', NULL),
       (23, 1, 'Семья, взаимоотношении', '2021-12-30 17:56:24', '2021-12-30 17:56:24',
        'Тут будут слова про взаимоотношения и т.д'),
       (24, 1, 'To be - (I am your friend)', '2021-12-30 18:18:00', '2021-12-31 18:46:25',
        'Схема: Личное местоимение + to be + притяжательное местоимение + существительное'),
       (25, 1, 'To be - (I am your good friend)', '2021-12-31 18:40:34', '2021-12-31 18:41:59',
        'Схема: Подлежащее + to be + притяжательное местоимение + прилагательное + существительное'),
       (26, 1, 'To be - (The/(His,her etc.) boy is stupid )', '2022-01-04 17:02:38', '2022-01-04 17:02:38',
        'Схема: Существительное-подлежащее + to be + прилагательное/существительное'),
       (27, 2, 'Семья и отношения', '2022-01-04 17:11:56', '2022-01-04 17:11:56', NULL),
       (28, 2, 'IT-cлова', '2022-01-04 17:12:41', '2022-01-04 17:12:41', NULL),
       (29, 2, 'Прилагательные - Признаки человека', '2022-01-04 17:13:02', '2022-01-04 17:13:02', NULL),
       (31, 2, 'Существительные', '2022-01-04 17:13:31', '2022-01-04 17:13:31', NULL),
       (32, 1, 'To be - (That/this boy is stupid)', '2022-01-04 17:32:59', '2022-01-04 17:32:59',
        'Cхема: \r\nThis/That + существительное + to be + прилагательное | прилагательное с существительным'),
       (33, 1, 'To be - (Those, These boys is stupid)', '2022-01-04 17:34:00', '2022-01-04 17:34:00',
        'Cхема: \r\nThose/These + существительное + to be + прилагательное | прилагательное с существительным'),
       (34, 1, 'Предложные обороты', '2022-01-05 17:44:51', '2022-01-05 17:44:51',
        'Предложный оборот - это сочетание слов по смыслу близкое к наречию но он состоит из предлога с существительным/прилагательным\r\nПример:\r\nIn the morning - Утром\r\nIn the park - В парке'),
       (35, 1, 'Предлоги', '2022-01-06 17:49:22', '2022-01-06 17:49:22', 'Тут мы будем описывать предлоги'),
       (36, 1, 'To be - c обстоятельствами', '2022-01-06 18:22:39', '2022-01-06 18:29:11',
        'Схема:\r\nПодлежащее + to be + существительное/прилагательное + предлоги  + обстоятельство (места и времени)\r\n\r\nI am a doctor since tomorrow');
/*!40000 ALTER TABLE `libraries` ENABLE KEYS */;
UNLOCK
TABLES;

--
-- Table structure for table `migrations`
--

DROP TABLE IF EXISTS `migrations`;
/*!40101 SET @saved_cs_client     = @@character_set_client */;
/*!40101 SET character_set_client = utf8 */;
CREATE TABLE `migrations`
(
    `id`        int unsigned NOT NULL AUTO_INCREMENT,
    `migration` varchar(255) COLLATE utf8mb4_unicode_ci NOT NULL,
    `batch`     int                                     NOT NULL,
    PRIMARY KEY (`id`)
) ENGINE=InnoDB AUTO_INCREMENT=13 DEFAULT CHARSET=utf8mb4 COLLATE=utf8mb4_unicode_ci;
/*!40101 SET character_set_client = @saved_cs_client */;

--
-- Dumping data for table `migrations`
--

LOCK
TABLES `migrations` WRITE;
/*!40000 ALTER TABLE `migrations` DISABLE KEYS */;
INSERT INTO `migrations`
VALUES (1, '2014_10_12_000000_create_users_table', 1),
       (2, '2014_10_12_100000_create_password_resets_table', 1),
       (3, '2019_08_19_000000_create_failed_jobs_table', 1),
       (4, '2019_12_14_000001_create_personal_access_tokens_table', 1),
       (5, '2021_12_12_174819_create_libraries_table', 2),
       (6, '2021_12_12_174838_create_words_table', 2),
       (7, '2021_12_12_174902_create_word_examples_table', 2),
       (8, '2021_12_12_174916_create_sentences_table', 2),
       (9, '2021_12_13_170746_create_words_practice_staticts_table', 3),
       (10, '2021_12_15_074043_add_description_column_to_library_table', 4),
       (12, '2021_12_16_181818_create_sentences_practices_table', 5);
/*!40000 ALTER TABLE `migrations` ENABLE KEYS */;
UNLOCK
TABLES;

--
-- Table structure for table `password_resets`
--

DROP TABLE IF EXISTS `password_resets`;
/*!40101 SET @saved_cs_client     = @@character_set_client */;
/*!40101 SET character_set_client = utf8 */;
CREATE TABLE `password_resets`
(
    `email`      varchar(255) COLLATE utf8mb4_unicode_ci NOT NULL,
    `token`      varchar(255) COLLATE utf8mb4_unicode_ci NOT NULL,
    `created_at` timestamp NULL DEFAULT NULL,
    KEY          `password_resets_email_index` (`email`)
) ENGINE=InnoDB DEFAULT CHARSET=utf8mb4 COLLATE=utf8mb4_unicode_ci;
/*!40101 SET character_set_client = @saved_cs_client */;

--
-- Dumping data for table `password_resets`
--

LOCK
TABLES `password_resets` WRITE;
/*!40000 ALTER TABLE `password_resets` DISABLE KEYS */;
/*!40000 ALTER TABLE `password_resets` ENABLE KEYS */;
UNLOCK
TABLES;

--
-- Table structure for table `personal_access_tokens`
--

DROP TABLE IF EXISTS `personal_access_tokens`;
/*!40101 SET @saved_cs_client     = @@character_set_client */;
/*!40101 SET character_set_client = utf8 */;
CREATE TABLE `personal_access_tokens`
(
    `id`             bigint unsigned NOT NULL AUTO_INCREMENT,
    `tokenable_type` varchar(255) COLLATE utf8mb4_unicode_ci NOT NULL,
    `tokenable_id`   bigint unsigned NOT NULL,
    `name`           varchar(255) COLLATE utf8mb4_unicode_ci NOT NULL,
    `token`          varchar(64) COLLATE utf8mb4_unicode_ci  NOT NULL,
    `abilities`      text COLLATE utf8mb4_unicode_ci,
    `last_used_at`   timestamp NULL DEFAULT NULL,
    `created_at`     timestamp NULL DEFAULT NULL,
    `updated_at`     timestamp NULL DEFAULT NULL,
    PRIMARY KEY (`id`),
    UNIQUE KEY `personal_access_tokens_token_unique` (`token`),
    KEY              `personal_access_tokens_tokenable_type_tokenable_id_index` (`tokenable_type`,`tokenable_id`)
) ENGINE=InnoDB DEFAULT CHARSET=utf8mb4 COLLATE=utf8mb4_unicode_ci;
/*!40101 SET character_set_client = @saved_cs_client */;

--
-- Dumping data for table `personal_access_tokens`
--

LOCK
TABLES `personal_access_tokens` WRITE;
/*!40000 ALTER TABLE `personal_access_tokens` DISABLE KEYS */;
/*!40000 ALTER TABLE `personal_access_tokens` ENABLE KEYS */;
UNLOCK
TABLES;

--
-- Table structure for table `sentences`
--

DROP TABLE IF EXISTS `sentences`;
/*!40101 SET @saved_cs_client     = @@character_set_client */;
/*!40101 SET character_set_client = utf8 */;
CREATE TABLE `sentences`
(
    `id`          bigint unsigned NOT NULL AUTO_INCREMENT,
    `library_id`  bigint unsigned NOT NULL,
    `sentence`    text COLLATE utf8mb4_unicode_ci NOT NULL,
    `translation` text COLLATE utf8mb4_unicode_ci NOT NULL,
    `created_at`  timestamp NULL DEFAULT NULL,
    `updated_at`  timestamp NULL DEFAULT NULL,
    PRIMARY KEY (`id`),
    KEY           `sentences_library_id_foreign` (`library_id`),
    CONSTRAINT `sentences_library_id_foreign` FOREIGN KEY (`library_id`) REFERENCES `libraries` (`id`) ON DELETE CASCADE
) ENGINE=InnoDB AUTO_INCREMENT=391 DEFAULT CHARSET=utf8mb4 COLLATE=utf8mb4_unicode_ci;
/*!40101 SET character_set_client = @saved_cs_client */;

--
-- Dumping data for table `sentences`
--

LOCK
TABLES `sentences` WRITE;
/*!40000 ALTER TABLE `sentences` DISABLE KEYS */;
INSERT INTO `sentences`
VALUES (46, 9, 'He is kind', 'Он добрый', '2021-12-21 18:42:29', '2021-12-21 18:42:29'),
       (47, 9, 'We are lazy', 'Мы ленивые', '2021-12-21 18:42:29', '2021-12-21 18:42:29'),
       (48, 9, 'They are bad', 'Они плохие', '2021-12-21 18:42:29', '2021-12-21 18:42:29'),
       (49, 9, 'we are kind', 'Мы добрые', '2021-12-21 18:42:30', '2021-12-21 18:42:30'),
       (50, 9, 'you are lazy', 'Ты ленивый', '2021-12-21 18:42:30', '2021-12-21 18:42:30'),
       (51, 9, 'they are kind', 'Они добрые', '2021-12-21 18:42:30', '2021-12-21 18:42:30'),
       (52, 9, 'he is tired', 'Он устал', '2021-12-21 18:42:31', '2021-12-21 18:42:31'),
       (53, 9, 'they are tired', 'Они устали', '2021-12-21 18:42:31', '2021-12-21 18:42:31'),
       (55, 9, 'they are stupid', 'Они глупы', '2021-12-21 18:42:31', '2021-12-21 18:42:31'),
       (56, 9, 'she is cold', 'Она холодна', '2021-12-21 18:42:31', '2021-12-21 18:42:31'),
       (57, 9, 'it is ready', 'Оно готово', '2021-12-21 18:42:31', '2021-12-21 18:42:31'),
       (58, 9, 'I am ready', 'Я готов', '2021-12-21 18:42:32', '2021-12-21 18:42:32'),
       (59, 9, 'you are kind', 'Ты добрый', '2021-12-21 18:42:32', '2021-12-21 18:42:32'),
       (60, 9, 'i am smart', 'Я умный', '2021-12-21 18:42:32', '2021-12-21 18:42:32'),
       (61, 9, 'we are bad', 'Мы плохие', '2021-12-21 18:42:32', '2021-12-21 18:42:32'),
       (62, 9, 'i am kind', 'Я добрый', '2021-12-21 18:42:33', '2021-12-21 18:42:33'),
       (63, 9, 'we are tired', 'мы устали', '2021-12-21 18:42:33', '2021-12-21 18:42:33'),
       (64, 9, 'it is cold', 'Это холодно', '2021-12-21 18:42:33', '2021-12-21 18:42:33'),
       (65, 9, 'he is tired', 'он устал', '2021-12-21 18:42:33', '2021-12-21 18:42:33'),
       (66, 9, 'it is dark', 'это темно', '2021-12-21 18:42:33', '2021-12-21 18:42:33'),
       (67, 9, 'i am cruel', 'Я жестокий', '2021-12-21 18:42:34', '2021-12-21 18:42:34'),
       (68, 9, 'they are brave', 'Они смелые', '2021-12-21 18:42:34', '2021-12-21 18:42:34'),
       (69, 9, 'he is crazy', 'Он сумасщедший', '2021-12-21 18:42:34', '2021-12-21 18:42:34'),
       (70, 9, 'you are shy', 'Ты робкий', '2021-12-21 18:42:34', '2021-12-21 18:42:34'),
       (71, 9, 'he is sad', 'Он грустный', '2021-12-21 18:42:35', '2021-12-21 18:42:35'),
       (72, 9, 'we are happy', 'мы счастливые', '2021-12-21 18:42:35', '2021-12-21 18:42:35'),
       (73, 9, 'they are interesting', 'Они интересные', '2021-12-21 18:42:35', '2021-12-21 18:42:35'),
       (74, 9, 'he is cruel', 'Он жестокий', '2021-12-21 18:42:35', '2021-12-21 18:42:35'),
       (75, 9, 'you are honest', 'Ты честный', '2021-12-21 18:42:35', '2021-12-21 18:42:35'),
       (76, 9, 'she is responsible', 'Она ответственная', '2021-12-21 18:42:35', '2021-12-21 18:42:35'),
       (77, 9, 'she is glad', 'Она довольная', '2021-12-21 18:42:35', '2021-12-21 18:42:35'),
       (78, 9, 'i am sad', 'Я грустный', '2021-12-21 18:42:35', '2021-12-21 18:42:35'),
       (79, 9, 'they are modest', 'Они скромные', '2021-12-21 18:42:35', '2021-12-21 18:42:35'),
       (80, 9, 'we are sociable', 'Мы общительные', '2021-12-21 18:42:36', '2021-12-21 18:42:36'),
       (81, 9, 'i am brave', 'Я смелый', '2021-12-21 18:42:36', '2021-12-21 18:42:36'),
       (82, 9, 'you are modest', 'Ты скромный', '2021-12-21 18:42:36', '2021-12-21 18:42:36'),
       (83, 10, 'you are not good', 'Ты не хороший', '2021-12-21 18:53:18', '2021-12-21 18:53:18'),
       (84, 10, 'they are not cruel', 'Они не жестокие', '2021-12-21 18:53:19', '2021-12-21 18:53:19'),
       (85, 10, 'she is not brave', 'Она не смелая', '2021-12-21 18:53:19', '2021-12-21 18:53:19'),
       (86, 10, 'she is not strange', 'Она не странная', '2021-12-21 18:53:19', '2021-12-21 18:53:19'),
       (87, 10, 'i am not scared', 'Я не испугался', '2021-12-21 18:53:19', '2021-12-21 18:53:19'),
       (88, 10, 'we are not lazy', 'Мы не ленивые', '2021-12-21 18:53:19', '2021-12-21 18:53:19'),
       (89, 10, 'you are not kind', 'Ты не добрый', '2021-12-21 18:53:19', '2021-12-21 18:53:19'),
       (90, 10, 'it is not cold', 'Это не холодно', '2021-12-21 18:53:20', '2021-12-21 18:53:20'),
       (91, 10, 'it is not true', 'Это не правда', '2021-12-21 18:53:20', '2021-12-21 18:53:20'),
       (92, 10, 'i am not smart', 'Я не умный', '2021-12-21 18:53:20', '2021-12-21 18:53:20'),
       (93, 10, 'he is not angry', 'Он не сердится', '2021-12-21 18:53:20', '2021-12-21 18:53:20'),
       (94, 10, 'i am not boring', 'Я не скучаю', '2021-12-21 18:53:20', '2021-12-21 18:53:20'),
       (95, 10, 'he is not fine', 'Он не в порядке', '2021-12-21 18:53:20', '2021-12-21 18:53:20'),
       (96, 10, 'he is not sick', 'Мы не скучаем', '2021-12-21 18:53:20', '2021-12-21 18:53:20'),
       (97, 10, 'it is not strange', 'Это не странно', '2021-12-21 18:53:20', '2021-12-21 18:53:20'),
       (98, 10, 'they are not good', 'Они не хорошие', '2021-12-21 18:53:21', '2021-12-21 18:53:21'),
       (99, 10, 'i am not stupid', 'Я не тупой', '2021-12-21 18:53:21', '2021-12-21 18:53:21'),
       (100, 10, 'you are not handsome', 'Ты не красивый', '2021-12-21 18:53:21', '2021-12-21 18:53:21'),
       (101, 10, 'they are not ready', 'Они не готовы', '2021-12-21 18:53:21', '2021-12-21 18:53:21'),
       (102, 11, 'am i strange', 'Я странный', '2021-12-21 18:58:18', '2021-12-21 18:58:18'),
       (103, 11, 'are you lazy', 'Ты ленивый', '2021-12-21 18:58:19', '2021-12-21 18:58:19'),
       (104, 11, 'are we bad', 'Мы плохие', '2021-12-21 18:58:19', '2021-12-21 18:58:19'),
       (105, 11, 'is it true', 'Это правда', '2021-12-21 18:58:19', '2021-12-21 18:58:19'),
       (106, 11, 'is he boring', 'Он скучает', '2021-12-21 18:58:19', '2021-12-21 18:58:19'),
       (107, 11, 'are they brave', 'Они смелые', '2021-12-21 18:58:19', '2021-12-21 18:58:19'),
       (108, 11, 'is she sick', 'Она больная', '2021-12-21 18:58:20', '2021-12-21 18:58:20'),
       (109, 11, 'are you reliable', 'Ты надежный', '2021-12-21 18:58:20', '2021-12-21 18:58:20'),
       (110, 11, 'am i scared', 'Я испуганный', '2021-12-21 18:58:20', '2021-12-21 18:58:20'),
       (111, 11, 'are you ready', 'Ты готов', '2021-12-21 18:58:20', '2021-12-21 18:58:20'),
       (112, 11, 'are they tired', 'Они устали', '2021-12-21 18:58:21', '2021-12-21 18:58:21'),
       (113, 11, 'is she angry', 'Она сердита', '2021-12-21 18:58:21', '2021-12-21 18:58:21'),
       (114, 11, 'is he useless', 'Он бесполезный', '2021-12-21 18:58:21', '2021-12-21 18:58:21'),
       (115, 11, 'am i useful', 'Я полезный', '2021-12-21 18:58:21', '2021-12-21 18:58:21'),
       (116, 11, 'is it happy', 'Это весело', '2021-12-21 18:58:22', '2021-12-21 18:58:22'),
       (117, 11, 'are they sociable', 'Они общительные', '2021-12-21 18:58:22', '2021-12-21 18:58:22'),
       (118, 11, 'is he brave', 'Он смелый', '2021-12-21 18:58:22', '2021-12-21 18:58:22'),
       (119, 11, 'are we reliable', 'Мы надежные', '2021-12-21 18:58:22', '2021-12-21 18:58:22'),
       (120, 11, 'am i glad', 'Я доволен', '2021-12-21 18:58:22', '2021-12-21 18:58:22'),
       (121, 12, 'i am strange', 'я странный', '2021-12-21 20:10:31', '2021-12-21 20:10:31'),
       (122, 13, 'i was good', 'Я был хорошим', '2021-12-21 20:17:50', '2021-12-21 20:17:50'),
       (123, 13, 'i was right', 'Я был прав', '2021-12-21 20:17:50', '2021-12-21 20:17:50'),
       (124, 13, 'he was fine', 'Он был в порядке', '2021-12-21 20:17:51', '2021-12-21 20:17:51'),
       (125, 13, 'they were strange', 'Они были странными', '2021-12-21 20:17:51', '2021-12-21 20:17:51'),
       (126, 13, 'i was sick', 'Я был болен', '2021-12-21 20:17:51', '2021-12-21 20:17:51'),
       (127, 13, 'she was glad', 'Она была довольна', '2021-12-21 20:17:51', '2021-12-21 20:17:51'),
       (128, 13, 'you were strange', 'Ты был странным', '2021-12-21 20:17:51', '2021-12-21 20:17:51'),
       (129, 13, 'i was angry', 'Я был сердитым', '2021-12-21 20:17:51', '2021-12-21 20:17:51'),
       (131, 13, 'he was expensive', 'Он был дорогой', '2021-12-21 20:17:52', '2021-12-21 20:17:52'),
       (133, 13, 'he was tasty', 'Он был вкусным', '2021-12-21 20:17:52', '2021-12-21 20:17:52'),
       (134, 13, 'i was handsome', 'Я был красивым', '2021-12-21 20:17:52', '2021-12-21 20:17:52'),
       (135, 13, 'it was expensive', 'Это было дорого', '2021-12-21 20:17:52', '2021-12-21 20:17:52'),
       (137, 13, 'she was useful', 'Она была полезна', '2021-12-21 20:17:52', '2021-12-21 20:17:52'),
       (138, 13, 'you were useless', 'Ты был бесполезен', '2021-12-21 20:17:53', '2021-12-21 20:17:53'),
       (139, 13, 'they were soft', 'Они были мягкими', '2021-12-21 20:17:53', '2021-12-21 20:17:53'),
       (140, 13, 'it was useless', 'Это было бесполезно', '2021-12-21 20:17:53', '2021-12-21 20:17:53'),
       (141, 13, 'we were strange', 'Мы были странными', '2021-12-21 20:17:53', '2021-12-21 20:17:53'),
       (142, 13, 'you were ugly', 'Ты был уродом', '2021-12-21 20:17:53', '2021-12-21 20:17:53'),
       (143, 13, 'it was interesting', 'Это было интересно', '2021-12-21 20:17:53', '2021-12-21 20:17:53'),
       (144, 13, 'you were cheap', 'Ты был дешевкой', '2021-12-21 20:17:53', '2021-12-21 20:17:53'),
       (145, 13, 'we were smart', 'Мы были умны', '2021-12-21 20:17:54', '2021-12-21 20:17:54'),
       (146, 13, 'they were beautiful', 'Они были красивыми', '2021-12-21 20:17:54', '2021-12-21 20:17:54'),
       (147, 13, 'i was glad', 'Я был доволен', '2021-12-21 20:17:54', '2021-12-21 20:17:54'),
       (148, 13, 'you were beautiful', 'Ты был красив', '2021-12-21 20:17:54', '2021-12-21 20:17:54'),
       (149, 13, 'it was difficult', 'Это было сложно', '2021-12-21 20:17:54', '2021-12-21 20:17:54'),
       (150, 13, 'he was liquid', 'Он был жидким', '2021-12-21 20:17:54', '2021-12-21 20:17:54'),
       (151, 13, 'it was right', 'Это было правдой', '2021-12-21 20:17:54', '2021-12-21 20:17:54'),
       (152, 13, 'it was brave', 'Это было смело', '2021-12-21 20:17:55', '2021-12-21 20:17:55'),
       (154, 13, 'she was funny', 'Она была смешной', '2021-12-21 20:17:55', '2021-12-21 20:17:55'),
       (155, 13, 'i  was sociable', 'Я был общительным', '2021-12-21 20:17:55', '2021-12-21 20:17:55'),
       (156, 13, 'they were interesting', 'Они были интересными', '2021-12-21 20:17:55', '2021-12-21 20:17:55'),
       (158, 13, 'he was reliable', 'Он был надежным', '2021-12-21 20:17:56', '2021-12-21 20:17:56'),
       (159, 13, 'she was shy', 'Она была робкой', '2021-12-21 20:17:56', '2021-12-21 20:17:56'),
       (160, 13, 'you were modest', 'Ты был скромным', '2021-12-21 20:17:56', '2021-12-21 20:17:56'),
       (161, 13, 'they were glad', 'Они были довольны', '2021-12-21 20:17:57', '2021-12-21 20:17:57'),
       (162, 13, 'she was brave', 'Она была смелой', '2021-12-21 20:17:57', '2021-12-21 20:17:57'),
       (163, 13, 'you were honest', 'Ты был честным', '2021-12-21 20:17:57', '2021-12-21 20:17:57'),
       (164, 13, 'they were reliable', 'Они были надежными', '2021-12-21 20:17:57', '2021-12-21 20:17:57'),
       (165, 13, 'he was responsible', 'Он был ответственным', '2021-12-21 20:17:57', '2021-12-21 20:17:57'),
       (166, 13, 'you were boring', 'Ты был скучным', '2021-12-21 20:17:58', '2021-12-21 20:17:58'),
       (167, 13, 'she was crazy', 'Она была сумасшедшей', '2021-12-21 20:17:58', '2021-12-21 20:17:58'),
       (168, 13, 'i was modest', 'Я был скромным', '2021-12-21 20:17:58', '2021-12-21 20:17:58'),
       (169, 13, 'he was useful', 'Он был полезным', '2021-12-21 20:17:58', '2021-12-21 20:17:58'),
       (170, 13, 'they were useless', 'Они были бесполезны', '2021-12-21 20:17:58', '2021-12-21 20:17:58'),
       (171, 14, 'i was not scared', 'Я не был испуганным', '2021-12-23 17:29:19', '2021-12-23 17:29:19'),
       (172, 14, 'he was not ready', 'Он не был готов', '2021-12-23 17:29:20', '2021-12-23 17:29:20'),
       (174, 14, 'she was not wrong', 'Она не была неправа', '2021-12-23 17:29:21', '2021-12-23 17:29:21'),
       (175, 14, 'you were not lazy', 'Ты не был ленивым', '2021-12-23 17:29:21', '2021-12-23 17:29:21'),
       (176, 14, 'he was not smart', 'он не был умным', '2021-12-23 17:29:21', '2021-12-23 17:29:21'),
       (177, 14, 'i was not kind', 'Я не был добрым', '2021-12-23 17:29:21', '2021-12-23 17:29:21'),
       (178, 14, 'you were not bad', 'Вы не были плохими', '2021-12-23 17:29:21', '2021-12-23 17:29:21'),
       (179, 14, 'they were not strange', 'Они не были странными', '2021-12-23 17:29:22', '2021-12-23 17:29:22'),
       (180, 14, 'he was not angry', 'Он не был сердитым', '2021-12-23 17:29:22', '2021-12-23 17:29:22'),
       (181, 14, 'they were not boring', 'Они не были скучающими', '2021-12-23 17:29:22', '2021-12-23 17:29:22'),
       (182, 14, 'i was not cold', 'Я не был холодным', '2021-12-23 17:29:22', '2021-12-23 17:29:22'),
       (183, 14, 'he was not sick', 'Он не был больным', '2021-12-23 17:29:22', '2021-12-23 17:29:22'),
       (184, 14, 'we were not cruel', 'Мы не были жестокими', '2021-12-23 17:29:23', '2021-12-23 17:29:23'),
       (185, 14, 'she was not modest', 'Она не была скромной', '2021-12-23 17:29:23', '2021-12-23 17:29:23'),
       (186, 14, 'you were not glad', 'Ты не был довольным', '2021-12-23 17:29:23', '2021-12-23 17:29:23'),
       (187, 14, 'they were not happy', 'Они не были счастливыми', '2021-12-23 17:29:23', '2021-12-23 17:29:23'),
       (188, 14, 'he was not sad', 'Он не был грустным', '2021-12-23 17:29:23', '2021-12-23 17:29:23'),
       (189, 14, 'she was not crazy', 'Она не была сумасщедшей', '2021-12-23 17:29:23', '2021-12-23 17:29:23'),
       (190, 14, 'we were not reliable', 'Мы не были надежными', '2021-12-23 17:29:23', '2021-12-23 17:29:23'),
       (191, 14, 'i was not brave', 'Я не был смелым', '2021-12-23 17:29:24', '2021-12-23 17:29:24'),
       (192, 14, 'they were not modest', 'Они не были скромными', '2021-12-23 17:29:24', '2021-12-23 17:29:24'),
       (193, 14, 'he was not sociable', 'Он не был общительным', '2021-12-23 17:29:24', '2021-12-23 17:29:24'),
       (194, 14, 'i was not shy', 'Я не был робким', '2021-12-23 17:29:24', '2021-12-23 17:29:24'),
       (195, 14, 'you were not modest', 'Ты не был скромным', '2021-12-23 17:29:24', '2021-12-23 17:29:24'),
       (196, 14, 'she was not funny', 'Она не была смешной', '2021-12-23 17:29:25', '2021-12-23 17:29:25'),
       (197, 14, 'it was not funny', 'Это не было смешно', '2021-12-23 17:29:25', '2021-12-23 17:29:25'),
       (198, 16, 'was i strange', 'я был странным', '2021-12-23 17:32:50', '2021-12-23 17:32:50'),
       (199, 16, 'was he useful', 'Он был полезен', '2021-12-23 17:32:50', '2021-12-23 17:32:50'),
       (200, 16, 'were you bad', 'Ты был плохим', '2021-12-23 17:32:50', '2021-12-23 17:32:50'),
       (201, 16, 'were they sick', 'Они были больны', '2021-12-23 17:32:50', '2021-12-23 17:32:50'),
       (202, 16, 'was she cruel', 'Она была жестокой', '2021-12-23 17:32:51', '2021-12-23 17:32:51'),
       (203, 16, 'was i wrong', 'Я был неправ', '2021-12-23 17:32:51', '2021-12-23 17:32:51'),
       (204, 16, 'were you honest', 'Ты был честным', '2021-12-23 17:32:51', '2021-12-23 17:32:51'),
       (205, 16, 'were we responsible', 'Мы былы ответственными', '2021-12-23 17:32:51', '2021-12-23 17:32:51'),
       (206, 16, 'was i sorry', 'я сожалел', '2021-12-23 17:32:51', '2021-12-23 17:32:51'),
       (207, 16, 'was he happy', 'Он был счатливым', '2021-12-23 17:32:51', '2021-12-23 17:32:51'),
       (208, 16, 'was i glad', 'я был доволен', '2021-12-23 17:32:51', '2021-12-23 17:32:51'),
       (209, 16, 'was she sad', 'Она была грустной', '2021-12-23 17:32:51', '2021-12-23 17:32:51'),
       (210, 16, 'were you reliable', 'Ты был надежным', '2021-12-23 17:32:52', '2021-12-23 17:32:52'),
       (211, 16, 'was he brave', 'Он был смелым', '2021-12-23 17:32:52', '2021-12-23 17:32:52'),
       (212, 16, 'were they cruel', 'Они были жестокими', '2021-12-23 17:32:52', '2021-12-23 17:32:52'),
       (213, 16, 'was he responsible', 'Он был ответственным', '2021-12-23 17:32:52', '2021-12-23 17:32:52'),
       (214, 16, 'was i good', 'Я был хорошим', '2021-12-23 17:32:53', '2021-12-23 17:32:53'),
       (215, 16, 'was she lazy', 'Она была ленивой', '2021-12-23 17:32:53', '2021-12-23 17:32:53'),
       (216, 21, 'Я студент', 'I am a student', '2021-12-24 18:10:43', '2021-12-24 18:10:43'),
       (217, 21, 'Мы студенты', 'We were students', '2021-12-24 18:10:43', '2021-12-24 18:10:43'),
       (218, 21, 'Он доктор', 'He is a director', '2021-12-24 18:10:44', '2021-12-24 18:10:44'),
       (219, 21, 'Они дизайнеры', 'They are designers', '2021-12-24 18:10:44', '2021-12-24 18:10:44'),
       (220, 21, 'Она повар', 'She is a cook', '2021-12-24 18:10:44', '2021-12-24 18:10:44'),
       (221, 21, 'Он полицейский', 'He is a police officer', '2021-12-24 18:10:44', '2021-12-24 18:10:44'),
       (222, 21, 'Мы учители', 'We are teachers', '2021-12-24 18:10:44', '2021-12-24 18:10:44'),
       (223, 21, 'Я инженер', 'I am a engineer', '2021-12-24 18:10:45', '2021-12-24 18:10:45'),
       (224, 21, 'Ты секретарь', 'You are a secretary', '2021-12-24 18:10:45', '2021-12-24 18:10:45'),
       (225, 21, 'Они журналисты', 'They are journalists', '2021-12-24 18:10:45', '2021-12-24 18:10:45'),
       (226, 21, 'Ты студент', 'You are a student', '2021-12-24 18:10:45', '2021-12-24 18:10:45'),
       (227, 21, 'Я артист', 'i am a artist', '2021-12-24 18:10:45', '2021-12-24 18:10:45'),
       (228, 21, 'Они инженеры', 'They are engineers', '2021-12-24 18:10:45', '2021-12-24 18:10:45'),
       (229, 21, 'Мы секретары', 'We are secretaries', '2021-12-24 18:10:45', '2021-12-24 18:16:42'),
       (230, 21, 'Они студенты', 'They are students', '2021-12-24 18:10:45', '2021-12-24 18:10:45'),
       (231, 21, 'Я юрист', 'I am a lawyer', '2021-12-24 18:10:45', '2021-12-24 18:10:45'),
       (232, 21, 'Они докторы', 'They are doctors', '2021-12-24 18:10:46', '2021-12-24 18:10:46'),
       (233, 21, 'Я повар', 'I am a cook', '2021-12-24 18:10:46', '2021-12-24 18:10:46'),
       (234, 21, 'Ты ученный', 'You are a scientist', '2021-12-24 18:10:46', '2021-12-24 18:10:46'),
       (235, 21, 'Они водители', 'They are drivers', '2021-12-24 18:10:46', '2021-12-24 18:10:46'),
       (236, 21, 'Я рабочий', 'I am a worker', '2021-12-24 18:10:46', '2021-12-24 18:10:46'),
       (237, 21, 'Он босс', 'He is a boss', '2021-12-24 18:10:46', '2021-12-24 18:10:46'),
       (238, 21, 'Они работники', 'They are employeers', '2021-12-24 18:10:46', '2021-12-24 18:10:46'),
       (239, 21, 'Она работодатель', 'she is an employee', '2021-12-24 18:10:47', '2021-12-24 18:10:47'),
       (240, 21, 'Мы кассиры', 'we are cashiers', '2021-12-24 18:10:47', '2021-12-24 18:10:47'),
       (241, 21, 'Он ученый', 'He is a scientist', '2021-12-24 18:10:47', '2021-12-24 18:10:47'),
       (242, 21, 'Ты мужчина', 'You are a man', '2021-12-24 18:10:47', '2021-12-24 18:10:47'),
       (243, 21, 'Она женщина', 'She is a woman', '2021-12-24 18:10:47', '2021-12-24 18:10:47'),
       (244, 21, 'Они дети', 'They are children', '2021-12-24 18:10:47', '2021-12-24 18:10:47'),
       (245, 21, 'Мы девушки', 'We are girls', '2021-12-24 18:10:47', '2021-12-24 18:10:47'),
       (246, 21, 'Это цветок', 'It is a flower', '2021-12-24 18:10:47', '2021-12-24 18:10:47'),
       (247, 21, 'Он мальчик', 'He is a boy', '2021-12-24 18:10:47', '2021-12-24 18:10:47'),
       (248, 21, 'Это тень', 'It is a shadow', '2021-12-24 18:10:48', '2021-12-24 18:10:48'),
       (249, 21, 'Они люди', 'They are peoples', '2021-12-24 18:10:48', '2021-12-24 18:10:48'),
       (250, 25, 'Они мои тупые друзья', 'they are my stupid friends', '2021-12-31 19:52:28', '2021-12-31 19:52:28'),
       (251, 25, 'Мы твои полезные друзья', 'We are your useful friends', '2021-12-31 19:52:28', '2021-12-31 19:52:28'),
       (252, 25, 'Он будет нашим скучным парнем', 'he will be our boring guy', '2021-12-31 19:52:28',
        '2021-12-31 19:52:28'),
       (253, 25, 'Ты ее общительный парень', 'you are her sociable guy', '2021-12-31 19:52:29', '2021-12-31 19:52:29'),
       (254, 25, 'Он твой умный адвокат', 'he is your smart lawyer', '2021-12-31 19:52:30', '2021-12-31 19:52:30'),
       (255, 25, 'Они мой странные родители', 'they are my strange parents', '2021-12-31 19:52:30',
        '2021-12-31 19:52:30'),
       (256, 25, 'Она моя красивая кошка', 'she is my beautiful cat', '2021-12-31 19:52:30', '2021-12-31 19:52:30'),
       (257, 25, 'Он мой горячий парень', 'he is my hot boyfriend', '2021-12-31 19:52:30', '2021-12-31 19:52:30'),
       (258, 25, 'Я их холодный друг', 'i am their cold guy', '2021-12-31 19:52:31', '2021-12-31 19:52:31'),
       (259, 25, 'Мы их смешные подруги', 'we are their funny friends', '2021-12-31 19:52:32', '2021-12-31 19:52:32'),
       (260, 25, 'Она наша интересная подруга', 'she is our interesting friend', '2021-12-31 19:52:33',
        '2021-12-31 19:52:33'),
       (261, 25, 'Ты их уродливый друг', 'you are their ugly friend', '2021-12-31 19:52:33', '2021-12-31 19:52:33'),
       (262, 25, 'Она моя бесполезная ученица', 'she is my useless pupil', '2021-12-31 19:52:33',
        '2021-12-31 19:52:33'),
       (263, 25, 'Они мои бесполезные друзья', 'they are my useless friends', '2021-12-31 19:52:33',
        '2021-12-31 19:52:33'),
       (264, 25, 'Она моя красивая подруга', 'she is my beautiful friend', '2021-12-31 19:52:34',
        '2021-12-31 19:52:34'),
       (265, 25, 'Он мой странный брат', 'he is my strange brother', '2021-12-31 19:52:34', '2021-12-31 19:52:34'),
       (266, 25, 'Она наша милая подруга', 'she is our cute friend', '2021-12-31 19:52:34', '2021-12-31 19:52:34'),
       (267, 25, 'Ты ее худой парень', 'you are her skinny boyfriend', '2021-12-31 19:52:34', '2021-12-31 19:52:34'),
       (268, 25, 'Они мои спокойные друзья', 'they are my calm friends', '2021-12-31 19:52:34', '2021-12-31 19:52:34'),
       (269, 25, 'Он мой взрослый парень', 'he is my adult boyfriend', '2021-12-31 19:52:35', '2021-12-31 19:52:35'),
       (270, 25, 'Мы их оптимистичные работники', 'we are their optimistic workers', '2021-12-31 19:52:35',
        '2021-12-31 19:52:35'),
       (271, 25, 'Я их злой друг', 'i am their angry friend', '2021-12-31 19:52:35', '2021-12-31 19:52:35'),
       (272, 25, 'Она наша приятная подруга', 'she is our nice friend', '2021-12-31 19:52:35', '2021-12-31 19:52:35'),
       (273, 26, 'Ваш завтрак готов', 'Your breakfast is ready', '2022-01-04 17:21:52', '2022-01-04 17:21:52'),
       (274, 26, 'Игра скучная', 'The game is boring', '2022-01-04 17:21:53', '2022-01-04 17:21:53'),
       (275, 26, 'Его машина красивая', 'his car is beautiful', '2022-01-04 17:21:53', '2022-01-04 17:21:53'),
       (276, 26, 'Ее подруга моя жена', 'her friend is my wife', '2022-01-04 17:21:53', '2022-01-04 17:21:53'),
       (277, 26, 'Его собака полезна', 'his dog is useful', '2022-01-04 17:21:53', '2022-01-04 17:21:53'),
       (278, 26, 'Его кот агрессивный', 'his cat is angry', '2022-01-04 17:21:53', '2022-01-04 17:21:53'),
       (279, 26, 'Их машина быстрая', 'their car is fast', '2022-01-04 17:21:54', '2022-01-04 17:21:54'),
       (280, 26, 'Его собака игрушка', 'his dog is a toy', '2022-01-04 17:21:54', '2022-01-04 17:21:54'),
       (281, 26, 'Его друзья странные', 'his friends are strange', '2022-01-04 17:21:54', '2022-01-04 17:21:54'),
       (282, 26, 'Парень сумасшедший', 'the guy is crazy', '2022-01-04 17:21:55', '2022-01-04 17:21:55'),
       (283, 26, 'Их парень умный', 'their boyfriend is smart', '2022-01-04 17:21:55', '2022-01-04 17:21:55'),
       (284, 26, 'Мое решение неправильное', 'my solution is wrong', '2022-01-04 17:21:56', '2022-01-04 17:21:56'),
       (285, 26, 'Его жена повар', 'his wife is a cook', '2022-01-04 17:21:56', '2022-01-04 17:21:56'),
       (286, 26, 'Наш машина холодная', 'our car is cold', '2022-01-04 17:21:56', '2022-01-04 17:21:56'),
       (287, 26, 'Их дом красивый', 'their house is beautiful', '2022-01-04 17:21:56', '2022-01-04 17:21:56'),
       (288, 26, 'Мой отец врач', 'my father is a doctor', '2022-01-04 17:21:56', '2022-01-04 17:21:56'),
       (289, 26, 'Машина быстрая', 'the car is fast', '2022-01-04 17:21:57', '2022-01-04 17:21:57'),
       (290, 26, 'Дом странный', 'the house is strange', '2022-01-04 17:21:57', '2022-01-04 17:21:57'),
       (291, 26, 'Моя тетя злая', 'my aunt is angry', '2022-01-04 17:21:57', '2022-01-04 17:21:57'),
       (292, 26, 'Дом холодный', 'the house is cold', '2022-01-04 17:21:59', '2022-01-04 17:21:59'),
       (293, 26, 'Твой друг сумасшедший', 'your friend is crazy', '2022-01-04 17:21:59', '2022-01-04 17:21:59'),
       (294, 26, 'Их сестра больна', 'their sister is sick', '2022-01-04 17:21:59', '2022-01-04 17:21:59'),
       (295, 26, 'Девушка красивая', 'the girl is beautiful', '2022-01-04 17:22:00', '2022-01-04 17:22:00'),
       (296, 26, 'Ее парень журналист', 'her boyfriend is journalist', '2022-01-04 17:22:00', '2022-01-04 17:22:00'),
       (297, 26, 'Парень мой друг', 'The guy is my friend', '2022-01-04 17:26:27', '2022-01-04 17:26:27'),
       (298, 26, 'Машина красивая', 'The car is beautiful', '2022-01-04 17:26:27', '2022-01-04 17:26:27'),
       (299, 26, 'Девушка моя жена', 'The girl is my wife', '2022-01-04 17:26:27', '2022-01-04 17:26:27'),
       (300, 26, 'Друг странный', 'The friend is strange', '2022-01-04 17:26:29', '2022-01-04 17:26:29'),
       (301, 33, 'Эти цветы красивые', 'These flowers are beautiful', '2022-01-04 18:39:55', '2022-01-04 18:39:55'),
       (302, 33, 'Те фотографии грязные', 'Those photos is dirty', '2022-01-04 18:39:56', '2022-01-04 18:39:56'),
       (303, 33, 'Те парни странные', 'Those guys are strange', '2022-01-04 18:39:56', '2022-01-04 18:39:56'),
       (304, 33, 'Эти книги холодные', 'These books are cold', '2022-01-04 18:39:56', '2022-01-04 18:39:56'),
       (305, 33, 'Те друзья скучные', 'Those friends are boring', '2022-01-04 18:39:57', '2022-01-04 18:39:57'),
       (306, 33, 'Эти парни мои друзья', 'These guys are my friends', '2022-01-04 18:39:57', '2022-01-04 18:39:57'),
       (307, 33, 'Эти журналисты спокойные', 'These journalists are calm', '2022-01-04 18:39:57',
        '2022-01-04 18:39:57'),
       (308, 33, 'Те парни реально красивые', 'Those guys are really beautiful', '2022-01-04 18:39:58',
        '2022-01-04 18:39:58'),
       (309, 33, 'Те люди мои родители', 'Those peoples are my parents', '2022-01-04 18:39:59', '2022-01-04 18:39:59'),
       (310, 33, 'Те студенты слишком шумные', 'Those students are too loud', '2022-01-04 18:39:59',
        '2022-01-04 18:39:59'),
       (311, 33, 'Эти машины слишком быстрые', 'These cars are too fast', '2022-01-04 18:40:00', '2022-01-04 18:40:00'),
       (312, 33, 'Те парны крутые пацаны', 'Those guys are cool guys', '2022-01-04 18:40:00', '2022-01-04 18:40:00'),
       (313, 33, 'Эти люди полезные', 'These peoples are useful', '2022-01-04 18:40:00', '2022-01-04 18:40:00'),
       (314, 33, 'Эти парни готовые помочь', 'These guys are helpful', '2022-01-04 18:40:00', '2022-01-04 18:40:00'),
       (315, 33, 'Те вопросы слишком странные', 'Those questions are too strange', '2022-01-04 18:40:00',
        '2022-01-04 18:40:00'),
       (316, 33, 'Эти водители надежные', 'These drivers are reliable', '2022-01-04 18:40:01', '2022-01-04 18:40:01'),
       (317, 33, 'Эти люди действительно шумные', 'These peoples are really loud', '2022-01-04 18:40:01',
        '2022-01-04 18:40:01'),
       (318, 36, 'Я был тут сегодня', 'I was here today', '2022-01-06 19:30:41', '2022-01-06 19:30:41'),
       (319, 36, 'Мы будем завтра в школе', 'we will be in the school tomorrow', '2022-01-06 19:30:42',
        '2022-01-06 19:30:42'),
       (320, 36, 'Вчера они были странными', 'They were strange yesterday', '2022-01-06 19:30:42',
        '2022-01-06 19:30:42'),
       (321, 36, 'Она будет там', 'She will be there', '2022-01-06 19:30:43', '2022-01-06 19:30:43'),
       (322, 36, 'Они будут твоими друзьями с сегодняшнего дня', 'They will be your friends since today',
        '2022-01-06 19:30:44', '2022-01-06 19:30:44'),
       (323, 36, 'Завтра я буду в школе со своими друзьями', 'i will be in the school with my friends tomorrow',
        '2022-01-06 19:30:44', '2022-01-06 19:30:44'),
       (324, 36, 'Он будет там к завтрашнему дню', 'he will be there by tomorrow', '2022-01-06 19:30:44',
        '2022-01-06 19:30:44'),
       (325, 36, 'Игра была скучна во время матча', 'The game was boring during the match', '2022-01-06 19:30:44',
        '2022-01-06 19:30:44'),
       (326, 36, 'Мои друзья были счастливы в течении дня', 'My friends were happy during the day',
        '2022-01-06 19:30:44', '2022-01-06 19:30:44'),
       (327, 36, 'Те парни были странными вчера', 'those guys were strange yesterday', '2022-01-06 19:30:45',
        '2022-01-06 19:30:45'),
       (328, 36, 'Этот человек будет твоим другом', 'This person will be your friend', '2022-01-06 19:30:45',
        '2022-01-06 19:30:45'),
       (329, 36, 'Она всегда была странной', 'she was always strange', '2022-01-06 19:30:45', '2022-01-06 19:30:45'),
       (330, 36, 'Эти парни снова были странными вчера', 'these guys were strange again yesterday',
        '2022-01-06 19:30:45', '2022-01-06 19:30:45'),
       (331, 36, 'Я был в парке вчера', 'I was at the park вчера', '2022-01-06 19:30:45', '2022-01-06 19:30:45'),
       (332, 36, 'Завтра Он будет там с моим другом', 'he will be there with my friend tomorrow', '2022-01-06 19:30:45',
        '2022-01-06 19:30:45'),
       (333, 36, 'Они завтра будут там', 'They will be there tomorrow', '2022-01-06 19:30:46', '2022-01-06 19:30:46'),
       (334, 36, 'Мои собаки никогда не были странными', 'my dogs were never strange', '2022-01-06 19:30:46',
        '2022-01-06 19:30:46'),
       (335, 36, 'Он завтра будет в школе', 'he will be in the school tomorrow', '2022-01-06 19:30:46',
        '2022-01-06 19:30:46'),
       (336, 36, 'С сегоднешнего дня он будет врачом', 'He will be a doctor since today', '2022-01-06 19:30:46',
        '2022-01-06 19:30:46'),
       (337, 36, 'Вчера Мои собаки были полезными', 'my dogs were useful yesterday', '2022-01-06 19:30:46',
        '2022-01-06 19:30:46'),
       (338, 36, 'Те водители были злыми вчера', 'those drivers were angry yesterday', '2022-01-06 19:30:46',
        '2022-01-06 19:30:46'),
       (339, 36, 'Наши собаки вчера были в парке', 'Our dogs were in the park yesterday', '2022-01-06 19:30:47',
        '2022-01-06 19:30:47'),
       (340, 36, 'Я снова буду врачом', 'I will be again a doctor', '2022-01-06 19:30:47', '2022-01-06 19:30:47'),
       (341, 36, 'Их дом будет в парке после машины', 'Their house will be in the park after the car',
        '2022-01-06 19:30:47', '2022-01-06 19:30:47'),
       (342, 36, 'Она станет инженером после войны', 'She will be a engineer after the war', '2022-01-06 19:30:47',
        '2022-01-06 19:30:47'),
       (343, 36, 'Сегодня они станут псами', 'They will be dogs today', '2022-01-06 19:30:47', '2022-01-06 19:30:47'),
       (344, 36, 'Те парни были слишком громкими в библиотеке', 'Those guys were too loud in the library',
        '2022-01-06 19:30:48', '2022-01-06 19:30:48'),
       (345, 36, 'Моя собака была грязной после парка', 'My dog was dirty after the park', '2022-01-06 19:30:48',
        '2022-01-06 19:30:48'),
       (346, 36, 'Мои мягкие ноги были красивыми вчера', 'my soft legs were beautiful yesterday', '2022-01-06 19:30:48',
        '2022-01-06 19:30:48'),
       (347, 36, 'Я здесь', 'I am here', '2022-01-06 19:30:48', '2022-01-06 19:30:48'),
       (348, 36, 'Мой друг будет там завтра', 'My friend will be there tomorrow', '2022-01-06 19:30:48',
        '2022-01-06 19:30:48'),
       (349, 36, 'Это было вчера', 'It was yesterday', '2022-01-06 19:30:49', '2022-01-06 19:30:49'),
       (350, 36, 'Она здесь счастлива', 'She is happy here', '2022-01-06 19:30:49', '2022-01-06 19:30:49'),
       (351, 36, 'Это будет сегодня', 'It will be today', '2022-01-06 19:30:49', '2022-01-06 19:30:49'),
       (352, 36, 'Ваша машина там', 'Your car is there', '2022-01-06 19:30:49', '2022-01-06 19:30:49'),
       (353, 36, 'Эти люди были здесь вчера', 'These peoples were here yesterday', '2022-01-06 19:30:49',
        '2022-01-06 19:30:49'),
       (354, 36, 'Это было утром', 'It was in the morning', '2022-01-06 19:30:50', '2022-01-06 19:30:50'),
       (355, 36, 'Вечером я буду на работе', 'I will be at work in the evening', '2022-01-06 19:30:50',
        '2022-01-06 19:30:50'),
       (356, 36, 'Машина находится внутри здания', 'The car is in the building', '2022-01-06 19:30:50',
        '2022-01-06 19:30:50'),
       (357, 36, 'Я сейчас в библиотеке', 'I am at the library now', '2022-01-06 19:30:50', '2022-01-06 19:30:50'),
       (358, 36, 'Вы здесь со своим другом', 'You are here with your friend', '2022-01-06 19:30:50',
        '2022-01-06 19:30:50'),
       (359, 36, 'Твой завтрак на столе', 'Your breakfast is on the table', '2022-01-06 19:30:51',
        '2022-01-06 19:30:51'),
       (360, 36, 'Эта собака находится дома', 'This dog is in the house', '2022-01-06 19:30:51', '2022-01-06 19:30:51'),
       (361, 36, 'Я внутри здания', 'I am in the building', '2022-01-06 19:30:51', '2022-01-06 19:30:51'),
       (362, 36, 'Я в здании', 'I am at the building', '2022-01-06 19:30:51', '2022-01-06 19:30:51'),
       (363, 36, 'Я дома без родителей', 'I am at home without my parents', '2022-01-06 19:30:51',
        '2022-01-06 19:30:51'),
       (364, 36, 'Мы были дома после обеда', 'we were at home after the launch', '2022-01-06 19:30:51',
        '2022-01-06 19:30:51'),
       (365, 36, 'Мой отец будет дома с завтрашнего дня', 'my father will be at home since tomorrow',
        '2022-01-06 19:30:52', '2022-01-06 19:30:52'),
       (366, 36, 'Я буду там через минуту', 'i will there in a minute', '2022-01-06 19:30:52', '2022-01-06 19:30:52'),
       (367, 36, 'Вы были на работе во время шторма', 'You were at work during the storm', '2022-01-06 19:30:52',
        '2022-01-06 19:30:52'),
       (368, 36, 'Это было до матча', 'It was before the match', '2022-01-06 19:30:52', '2022-01-06 19:30:52'),
       (369, 36, 'Она будет дома к завтрашнему дню', 'She will be at home by tomorrow', '2022-01-06 19:30:53',
        '2022-01-06 19:30:53'),
       (370, 36, 'Вы находитесь там', 'You were there', '2022-01-06 19:30:53', '2022-01-06 19:30:53'),
       (371, 36, 'Меня здесь нет', 'I am not here', '2022-01-06 19:30:53', '2022-01-06 19:30:53'),
       (372, 36, 'Это было вчера', 'It was yesterday', '2022-01-06 19:30:53', '2022-01-06 19:30:53'),
       (373, 36, 'Это будет завтра', 'It will be tomorrow', '2022-01-06 19:30:53', '2022-01-06 19:30:53'),
       (374, 36, 'Она здесь', 'She is here', '2022-01-06 19:30:54', '2022-01-06 19:30:54'),
       (375, 36, 'Тебе сейчас грустно', 'You are sad now', '2022-01-06 19:30:54', '2022-01-06 19:30:54'),
       (376, 36, 'Вы вчера были больны', 'You were sick yesterday', '2022-01-06 19:30:54', '2022-01-06 19:30:54'),
       (377, 36, 'Они будут завтра больными', 'They will be sick tomorrow', '2022-01-06 19:30:54',
        '2022-01-06 19:30:54'),
       (378, 36, 'Их здесь не было', 'They were not here', '2022-01-06 19:30:54', '2022-01-06 19:30:54'),
       (379, 36, 'через день', 'in a day', '2022-01-06 19:30:55', '2022-01-06 19:30:55'),
       (380, 36, 'до обеда', 'before launch', '2022-01-06 19:30:55', '2022-01-06 19:30:55'),
       (381, 36, 'вечером', 'in the evening', '2022-01-06 19:30:55', '2022-01-06 19:30:55'),
       (382, 36, 'Кошка в коробке', 'The cat is in the box', '2022-01-06 19:30:55', '2022-01-06 19:30:55'),
       (383, 36, 'Книга на столе', 'The book is on the table', '2022-01-06 19:30:55', '2022-01-06 19:30:55'),
       (384, 36, 'Я в здании', 'I am in the building', '2022-01-06 19:30:56', '2022-01-06 19:30:56'),
       (385, 36, 'Я здесь без друзей', 'I am here without my friends', '2022-01-06 19:30:56', '2022-01-06 19:30:56'),
       (386, 36, 'во время матча', 'during the match', '2022-01-06 19:30:56', '2022-01-06 19:30:56'),
       (387, 36, 'Я буду дома через неделю', 'I will be at home in a week', '2022-01-06 19:30:56',
        '2022-01-06 19:30:56'),
       (388, 36, 'Я буду дома к завтрашнему дню', 'I will be at home by tomorrow', '2022-01-06 19:30:56',
        '2022-01-06 19:30:56'),
       (389, 36, 'Меня не будет дома до завтра', 'I will not be at home until tomorrow', '2022-01-06 19:30:57',
        '2022-01-06 19:30:57'),
       (390, 36, 'Меня не будет дома с завтрашнего дня', 'I will not be at home since tomorrow', '2022-01-06 19:30:57',
        '2022-01-06 19:30:57');
/*!40000 ALTER TABLE `sentences` ENABLE KEYS */;
UNLOCK
TABLES;

--
-- Table structure for table `sentences_practices_statistics`
--

DROP TABLE IF EXISTS `sentences_practices_statistics`;
/*!40101 SET @saved_cs_client     = @@character_set_client */;
/*!40101 SET character_set_client = utf8 */;
CREATE TABLE `sentences_practices_statistics`
(
    `id`              bigint unsigned NOT NULL AUTO_INCREMENT,
    `library_id`      bigint unsigned NOT NULL,
    `count_sentences` int NOT NULL,
    `count_wrong`     int NOT NULL,
    `count_true`      int NOT NULL,
    `created_at`      timestamp NULL DEFAULT NULL,
    `updated_at`      timestamp NULL DEFAULT NULL,
    PRIMARY KEY (`id`),
    KEY               `sentences_practices_statistics_library_id_foreign` (`library_id`),
    CONSTRAINT `sentences_practices_statistics_library_id_foreign` FOREIGN KEY (`library_id`) REFERENCES `libraries` (`id`) ON DELETE CASCADE
) ENGINE=InnoDB AUTO_INCREMENT=3 DEFAULT CHARSET=utf8mb4 COLLATE=utf8mb4_unicode_ci;
/*!40101 SET character_set_client = @saved_cs_client */;

--
-- Dumping data for table `sentences_practices_statistics`
--

LOCK
TABLES `sentences_practices_statistics` WRITE;
/*!40000 ALTER TABLE `sentences_practices_statistics` DISABLE KEYS */;
INSERT INTO `sentences_practices_statistics`
VALUES (1, 21, 34, 34, 0, '2022-01-04 18:57:32', '2022-01-04 18:57:32'),
       (2, 21, 34, 6, 28, '2022-01-04 19:02:16', '2022-01-04 19:02:16');
/*!40000 ALTER TABLE `sentences_practices_statistics` ENABLE KEYS */;
UNLOCK
TABLES;

--
-- Table structure for table `users`
--

DROP TABLE IF EXISTS `users`;
/*!40101 SET @saved_cs_client     = @@character_set_client */;
/*!40101 SET character_set_client = utf8 */;
CREATE TABLE `users`
(
    `id`                bigint unsigned NOT NULL AUTO_INCREMENT,
    `name`              varchar(255) COLLATE utf8mb4_unicode_ci NOT NULL,
    `email`             varchar(255) COLLATE utf8mb4_unicode_ci NOT NULL,
    `email_verified_at` timestamp NULL DEFAULT NULL,
    `password`          varchar(255) COLLATE utf8mb4_unicode_ci NOT NULL,
    `remember_token`    varchar(100) COLLATE utf8mb4_unicode_ci DEFAULT NULL,
    `created_at`        timestamp NULL DEFAULT NULL,
    `updated_at`        timestamp NULL DEFAULT NULL,
    PRIMARY KEY (`id`),
    UNIQUE KEY `users_email_unique` (`email`)
) ENGINE=InnoDB AUTO_INCREMENT=3 DEFAULT CHARSET=utf8mb4 COLLATE=utf8mb4_unicode_ci;
/*!40101 SET character_set_client = @saved_cs_client */;

--
-- Dumping data for table `users`
--

LOCK
TABLES `users` WRITE;
/*!40000 ALTER TABLE `users` DISABLE KEYS */;
INSERT INTO `users`
VALUES (1, 'rahman', 'dikaev016@gmail.com', NULL, '$2y$10$7PMxhFVNuru7JcmRBeECyOA9an/9fNjfkwxBVLPJW4sgeQ0NkPNoa', NULL,
        '2021-12-12 17:13:34', '2021-12-12 17:13:34'),
       (2, 'rahman', 'dikaevr053@gmail.com', NULL, '$2y$10$9AyfPDM4YVizAVCkxUrghu1/1JhIpAyp.RsimYrA5Z6sBbO383XGm', NULL,
        '2022-01-04 16:56:48', '2022-01-04 16:56:48');
/*!40000 ALTER TABLE `users` ENABLE KEYS */;
UNLOCK
TABLES;

--
-- Table structure for table `word_examples`
--

DROP TABLE IF EXISTS `word_examples`;
/*!40101 SET @saved_cs_client     = @@character_set_client */;
/*!40101 SET character_set_client = utf8 */;
CREATE TABLE `word_examples`
(
    `id`         bigint unsigned NOT NULL AUTO_INCREMENT,
    `word_id`    bigint unsigned NOT NULL,
    `content`    text COLLATE utf8mb4_unicode_ci NOT NULL,
    `sort`       bigint unsigned NOT NULL DEFAULT '0',
    `created_at` timestamp NULL DEFAULT NULL,
    `updated_at` timestamp NULL DEFAULT NULL,
    PRIMARY KEY (`id`),
    KEY          `word_examples_word_id_foreign` (`word_id`),
    CONSTRAINT `word_examples_word_id_foreign` FOREIGN KEY (`word_id`) REFERENCES `words` (`id`) ON DELETE CASCADE
) ENGINE=InnoDB AUTO_INCREMENT=3 DEFAULT CHARSET=utf8mb4 COLLATE=utf8mb4_unicode_ci;
/*!40101 SET character_set_client = @saved_cs_client */;

--
-- Dumping data for table `word_examples`
--

LOCK
TABLES `word_examples` WRITE;
/*!40000 ALTER TABLE `word_examples` DISABLE KEYS */;
/*!40000 ALTER TABLE `word_examples` ENABLE KEYS */;
UNLOCK
TABLES;

--
-- Table structure for table `words`
--

DROP TABLE IF EXISTS `words`;
/*!40101 SET @saved_cs_client     = @@character_set_client */;
/*!40101 SET character_set_client = utf8 */;
CREATE TABLE `words`
(
    `id`          bigint unsigned NOT NULL AUTO_INCREMENT,
    `library_id`  bigint unsigned NOT NULL,
    `word`        text COLLATE utf8mb4_unicode_ci NOT NULL,
    `translation` text COLLATE utf8mb4_unicode_ci NOT NULL,
    `description` text COLLATE utf8mb4_unicode_ci,
    `created_at`  timestamp NULL DEFAULT NULL,
    `updated_at`  timestamp NULL DEFAULT NULL,
    PRIMARY KEY (`id`),
    KEY           `words_library_id_foreign` (`library_id`),
    CONSTRAINT `words_library_id_foreign` FOREIGN KEY (`library_id`) REFERENCES `libraries` (`id`) ON DELETE CASCADE
) ENGINE=InnoDB AUTO_INCREMENT=330 DEFAULT CHARSET=utf8mb4 COLLATE=utf8mb4_unicode_ci;
/*!40101 SET character_set_client = @saved_cs_client */;

--
-- Dumping data for table `words`
--

LOCK
TABLES `words` WRITE;
/*!40000 ALTER TABLE `words` DISABLE KEYS */;
INSERT INTO `words`
VALUES (28, 8, 'General', 'основная',
        'Контекст: Не очень подробная, но включает в себя основную и важную. Употребляется с некой сущностью информации. Прилагательное. Примеры: general information, general knowledge',
        '2021-12-21 17:52:37', '2021-12-21 17:52:37'),
       (29, 8, 'describe', 'Описать',
        'Контекст: Сказать что-то про кого-то или чего-то. \nПример: \nI can\'t describe the pain I suffered when he died. - Я не могу описать боль,
        которую испытал,
        когда он умер.','2021-12-21 17:52:37','2021-12-21 17:52:37'),(30,8,'common','распространенный','Происходить часто или существует в больших колличествах. \nПримеры: a common occurrence - обычное явление. То что происходит часто','2021-12-21 17:52:38','2021-12-21 17:52:38'),(33,16,'You are a user','ты пользователь',NULL,'2021-12-21 20:00:42','2021-12-21 20:00:42'),(34,17,'color','цвет',NULL,'2021-12-23 18:30:00','2021-12-23 18:30:00'),(35,17,'black','черный',NULL,'2021-12-23 18:30:01','2021-12-23 18:30:01'),(36,17,'white','белый',NULL,'2021-12-23 18:30:01','2021-12-23 18:30:01'),(37,17,'dark','темный',NULL,'2021-12-23 18:30:01','2021-12-23 18:30:01'),(38,17,'light','светлый',NULL,'2021-12-23 18:30:01','2021-12-23 18:30:01'),(39,17,'red','красный',NULL,'2021-12-23 18:30:01','2021-12-23 18:30:01'),(40,17,'yellow','желтый',NULL,'2021-12-23 18:30:02','2021-12-23 18:30:02'),(41,17,'green','зеленый',NULL,'2021-12-23 18:30:02','2021-12-23 18:30:02'),(42,17,'blue','синий',NULL,'2021-12-23 18:30:02','2021-12-23 18:30:02'),(43,17,'purple','фиолетовый',NULL,'2021-12-23 18:30:02','2021-12-23 18:30:02'),(44,17,'violet','темно_фиолетовый',NULL,'2021-12-23 18:30:02','2021-12-23 18:30:02'),(45,17,'pink','розовый',NULL,'2021-12-23 18:30:02','2021-12-23 18:30:02'),(46,17,'silver','серебристый',NULL,'2021-12-23 18:30:02','2021-12-23 18:30:02'),(47,17,'gold','золотой',NULL,'2021-12-23 18:30:02','2021-12-23 18:30:02'),(48,17,'brown','коричневый',NULL,'2021-12-23 18:30:03','2021-12-23 18:30:03'),(49,17,'grey','серый',NULL,'2021-12-23 18:30:03','2021-12-23 18:30:03'),(50,18,'cheap','дешевый',NULL,'2021-12-23 18:31:10','2021-12-23 18:31:10'),(51,18,'expensive','дорогой',NULL,'2021-12-23 18:31:10','2021-12-23 18:31:10'),(52,18,'comfortable','удобный',NULL,'2021-12-23 18:32:11','2021-12-23 18:32:11'),(53,18,'tasty','вкусный',NULL,'2021-12-23 18:32:11','2021-12-23 18:32:11'),(54,18,'sweet','сладкий',NULL,'2021-12-23 18:32:11','2021-12-23 18:32:11'),(55,18,'salty','соленый',NULL,'2021-12-23 18:32:12','2021-12-23 18:32:12'),(56,18,'bitter','горький',NULL,'2021-12-23 18:32:12','2021-12-23 18:32:12'),(57,18,'sour','кислый',NULL,'2021-12-23 18:32:12','2021-12-23 18:32:12'),(58,18,'hot','горячий',NULL,'2021-12-23 18:32:12','2021-12-23 18:32:12'),(59,18,'cold','холодный',NULL,'2021-12-23 18:32:12','2021-12-23 18:32:12'),(60,18,'cool','клевый',NULL,'2021-12-23 18:32:12','2021-12-23 18:32:12'),(61,18,'distgusting','мерзкий',NULL,'2021-12-23 18:32:13','2021-12-23 18:32:13'),(62,18,'ugly','уродливый',NULL,'2021-12-23 18:32:13','2021-12-23 18:32:13'),(63,18,'beautiful','красивый',NULL,'2021-12-23 18:32:13','2021-12-23 18:32:13'),(64,18,'scary','страшный',NULL,'2021-12-23 18:32:13','2021-12-23 18:32:13'),(65,18,'funny','смешной',NULL,'2021-12-23 18:32:13','2021-12-23 18:32:13'),(66,18,'interestring','интересный',NULL,'2021-12-23 18:32:13','2021-12-23 18:32:13'),(67,18,'boring','скучный',NULL,'2021-12-23 18:32:13','2021-12-23 18:32:13'),(68,18,'true','правдивый',NULL,'2021-12-23 18:32:14','2021-12-23 18:32:14'),(69,18,'glad','доволен',NULL,'2021-12-23 18:32:14','2021-12-23 18:32:14'),(70,18,'fine','в порядке',NULL,'2021-12-23 18:32:14','2021-12-23 18:32:14'),(71,18,'smart','умный',NULL,'2021-12-23 18:32:14','2021-12-23 18:32:14'),(72,18,'false','ложный',NULL,'2021-12-23 18:32:14','2021-12-23 18:32:14'),(73,18,'useful','полезный',NULL,'2021-12-23 18:32:14','2021-12-23 18:32:14'),(74,18,'useless','бесполезный',NULL,'2021-12-23 18:32:14','2021-12-23 18:32:14'),(75,18,'soft','мягкий',NULL,'2021-12-23 18:32:15','2021-12-23 18:32:15'),(76,18,'solid','твердый',NULL,'2021-12-23 18:32:15','2021-12-23 18:32:15'),(77,18,'liquid','жидкий',NULL,'2021-12-23 18:32:15','2021-12-23 18:32:15'),(78,18,'hard','жесткий',NULL,'2021-12-23 18:32:15','2021-12-23 18:32:15'),(79,18,'simple','легкий',NULL,'2021-12-23 18:32:15','2021-12-23 18:32:15'),(80,18,'difficult','трудный',NULL,'2021-12-23 18:32:15','2021-12-23 18:32:15'),(81,18,'weird','странный',NULL,'2021-12-23 18:32:15','2021-12-23 18:32:15'),(82,18,'careful','осторожно',NULL,'2021-12-23 18:32:15','2021-12-23 18:32:15'),(83,18,'ill','больной',NULL,'2021-12-23 18:32:16','2021-12-23 18:32:16'),(84,18,'young','молодой',NULL,'2021-12-23 18:32:16','2021-12-23 18:32:16'),(85,18,'old','старый',NULL,'2021-12-23 18:32:16','2021-12-23 18:32:16'),(86,18,'tall','высокий',NULL,'2021-12-23 18:32:16','2021-12-23 18:32:16'),(87,18,'short','низкого роста',NULL,'2021-12-23 18:32:16','2021-12-23 18:32:16'),(88,18,'handsome','красивый',NULL,'2021-12-23 18:32:16','2021-12-23 18:32:16'),(89,18,'cute','милый',NULL,'2021-12-23 18:32:16','2021-12-23 18:32:16'),(90,18,'skinny','худой',NULL,'2021-12-23 18:32:16','2021-12-23 18:32:16'),(91,18,'lean','стройный',NULL,'2021-12-23 18:32:17','2021-12-23 18:32:17'),(92,18,'fat','толстый',NULL,'2021-12-23 18:32:17','2021-12-23 18:32:17'),(93,18,'plump','полный',NULL,'2021-12-23 18:32:17','2021-12-23 18:32:17'),(94,18,'big','большой',NULL,'2021-12-23 18:32:17','2021-12-23 18:32:17'),(95,18,'small','маленький',NULL,'2021-12-23 18:32:18','2021-12-23 18:32:18'),(96,18,'blond','блондин',NULL,'2021-12-23 18:32:18','2021-12-23 18:32:18'),(97,18,'brunette','брюнет',NULL,'2021-12-23 18:32:18','2021-12-23 18:32:18'),(98,18,'headed','рыжий',NULL,'2021-12-23 18:32:18','2021-12-23 18:32:18'),(99,18,'big','большой',NULL,'2021-12-23 18:34:24','2021-12-23 18:34:24'),(100,18,'huge','огромный',NULL,'2021-12-23 18:34:24','2021-12-23 18:34:24'),(101,18,'small','маленький',NULL,'2021-12-23 18:34:24','2021-12-23 18:34:24'),(102,18,'little','маленький',NULL,'2021-12-23 18:34:25','2021-12-23 18:34:25'),(103,18,'tiny','крошечный',NULL,'2021-12-23 18:34:25','2021-12-23 18:34:25'),(104,18,'long','длинный',NULL,'2021-12-23 18:34:25','2021-12-23 18:34:25'),(105,18,'tall','высокий',NULL,'2021-12-23 18:34:25','2021-12-23 18:34:25'),(106,18,'high','высокий',NULL,'2021-12-23 18:34:25','2021-12-23 18:34:25'),(107,18,'short','короткий',NULL,'2021-12-23 18:34:26','2021-12-23 18:34:26'),(108,18,'thin','тонкий',NULL,'2021-12-23 18:34:26','2021-12-23 18:34:26'),(109,18,'thick','толстый',NULL,'2021-12-23 18:34:26','2021-12-23 18:34:26'),(110,18,'fat','толстый',NULL,'2021-12-23 18:34:26','2021-12-23 18:34:26'),(111,18,'pump','объемный',NULL,'2021-12-23 18:34:26','2021-12-23 18:34:26'),(112,18,'wide','широкий',NULL,'2021-12-23 18:34:26','2021-12-23 18:34:26'),(113,18,'narrow','узкий',NULL,'2021-12-23 18:34:26','2021-12-23 18:34:26'),(114,18,'heavy','тяжелый',NULL,'2021-12-23 18:34:26','2021-12-23 18:34:26'),(115,18,'lightweight','легкий',NULL,'2021-12-23 18:34:27','2021-12-23 18:34:27'),(116,18,'big','большой',NULL,'2021-12-23 18:34:54','2021-12-23 18:34:54'),(117,18,'huge','огромный',NULL,'2021-12-23 18:34:54','2021-12-23 18:34:54'),(118,18,'small','маленький',NULL,'2021-12-23 18:34:54','2021-12-23 18:34:54'),(119,18,'little','маленький',NULL,'2021-12-23 18:34:54','2021-12-23 18:34:54'),(120,18,'tiny','крошечный',NULL,'2021-12-23 18:34:55','2021-12-23 18:34:55'),(121,18,'long','длинный',NULL,'2021-12-23 18:34:55','2021-12-23 18:34:55'),(122,18,'tall','высокий',NULL,'2021-12-23 18:34:55','2021-12-23 18:34:55'),(123,18,'high','высокий',NULL,'2021-12-23 18:34:55','2021-12-23 18:34:55'),(124,18,'short','короткий',NULL,'2021-12-23 18:34:55','2021-12-23 18:34:55'),(125,18,'thin','тонкий',NULL,'2021-12-23 18:34:56','2021-12-23 18:34:56'),(126,18,'thick','толстый',NULL,'2021-12-23 18:34:56','2021-12-23 18:34:56'),(127,18,'fat','толстый',NULL,'2021-12-23 18:34:56','2021-12-23 18:34:56'),(128,18,'pump','объемный',NULL,'2021-12-23 18:34:56','2021-12-23 18:34:56'),(129,18,'wide','широкий',NULL,'2021-12-23 18:34:56','2021-12-23 18:34:56'),(130,18,'narrow','узкий',NULL,'2021-12-23 18:34:56','2021-12-23 18:34:56'),(131,18,'heavy','тяжелый',NULL,'2021-12-23 18:34:56','2021-12-23 18:34:56'),(132,18,'lightweight','легкий',NULL,'2021-12-23 18:34:56','2021-12-23 18:34:56'),(133,18,'helpful','готовый помочь',NULL,'2021-12-23 18:35:02','2021-12-23 18:35:02'),(134,18,'tough','сложный',NULL,'2021-12-23 18:35:02','2021-12-23 18:35:02'),(135,18,'calm','спокойный',NULL,'2021-12-23 18:35:02','2021-12-23 18:35:02'),(136,18,'positive','позитивный',NULL,'2021-12-23 18:35:03','2021-12-23 18:35:03'),(137,18,'curious','любопытный',NULL,'2021-12-23 18:35:03','2021-12-23 18:35:03'),(138,18,'pessimistic','пессимистичный',NULL,'2021-12-23 18:35:03','2021-12-23 18:35:03'),(139,18,'optimistic','оптимистичный',NULL,'2021-12-23 18:35:03','2021-12-23 18:35:03'),(140,18,'nice','приятный',NULL,'2021-12-23 18:35:03','2021-12-23 18:35:03'),(141,18,'mean','злой',NULL,'2021-12-23 18:35:03','2021-12-23 18:35:03'),(142,18,'hardworking','трудолюбивый',NULL,'2021-12-23 18:35:03','2021-12-23 18:35:03'),(143,18,'adult','взрослый',NULL,'2021-12-23 18:35:04','2021-12-23 18:35:04'),(144,19,'man','мужчина',NULL,'2021-12-23 18:35:59','2021-12-23 18:35:59'),(145,19,'men','мужчины',NULL,'2021-12-23 18:35:59','2021-12-23 18:35:59'),(146,19,'woman','женщина',NULL,'2021-12-23 18:35:59','2021-12-23 18:35:59'),(147,19,'person','человек',NULL,'2021-12-23 18:35:59','2021-12-23 18:35:59'),(148,19,'people','люди',NULL,'2021-12-23 18:36:00','2021-12-23 18:36:00'),(149,19,'name','имя',NULL,'2021-12-23 18:36:00','2021-12-23 18:36:00'),(150,19,'child','ребенок',NULL,'2021-12-23 18:36:00','2021-12-23 18:36:00'),(151,19,'children','дети',NULL,'2021-12-23 18:36:00','2021-12-23 18:36:00'),(152,19,'kid','ребенок',NULL,'2021-12-23 18:36:00','2021-12-23 18:36:00'),(153,19,'baby','малыш',NULL,'2021-12-23 18:36:01','2021-12-23 18:36:01'),(154,19,'boy','мальчик',NULL,'2021-12-23 18:36:01','2021-12-23 18:36:01'),(155,19,'girl','девушка',NULL,'2021-12-23 18:36:01','2021-12-23 18:36:01'),(156,19,'guy','парень',NULL,'2021-12-23 18:36:01','2021-12-23 18:36:01'),(157,19,'friend','друг',NULL,'2021-12-23 18:36:01','2021-12-23 18:36:01'),(158,19,'flower','цветок',NULL,'2021-12-23 18:36:02','2021-12-23 18:36:02'),(159,19,'city','город',NULL,'2021-12-23 18:36:02','2021-12-23 18:36:02'),(160,19,'building','здание',NULL,'2021-12-23 18:36:02','2021-12-23 18:36:02'),(161,19,'street','улица',NULL,'2021-12-23 18:36:02','2021-12-23 18:36:02'),(162,19,'tree','дерево',NULL,'2021-12-23 18:36:02','2021-12-23 18:36:02'),(163,19,'house','дом',NULL,'2021-12-23 18:36:02','2021-12-23 18:36:02'),(164,19,'dog','собака',NULL,'2021-12-23 18:36:02','2021-12-23 18:36:02'),(165,19,'mouse','мышь',NULL,'2021-12-23 18:36:03','2021-12-23 18:36:03'),(166,19,'cat','кошка',NULL,'2021-12-23 18:36:03','2021-12-23 18:36:03'),(167,19,'bag','сумка',NULL,'2021-12-23 18:36:03','2021-12-23 18:36:03'),(168,19,'brush','щетка',NULL,'2021-12-23 18:36:03','2021-12-23 18:36:03'),(169,19,'photo','фотография',NULL,'2021-12-23 18:36:03','2021-12-23 18:36:03'),(170,19,'water','вода',NULL,'2021-12-23 18:36:03','2021-12-23 18:36:03'),(171,19,'glass','стакан',NULL,'2021-12-23 18:36:03','2021-12-23 18:36:03'),(172,19,'sugar','сахар',NULL,'2021-12-23 18:36:03','2021-12-23 18:36:03'),(173,19,'tomato','помидор',NULL,'2021-12-23 18:36:04','2021-12-23 18:36:04'),(174,19,'apple','яблоко',NULL,'2021-12-23 18:36:04','2021-12-23 18:36:04'),(175,19,'orange','апельсин',NULL,'2021-12-23 18:36:04','2021-12-23 18:36:04'),(176,19,'knife','нож',NULL,'2021-12-23 18:36:04','2021-12-23 18:36:04'),(177,19,'box','коробка',NULL,'2021-12-23 18:36:04','2021-12-23 18:36:04'),(178,19,'book','книга',NULL,'2021-12-23 18:36:04','2021-12-23 18:36:04'),(179,19,'toy','игрушка',NULL,'2021-12-23 18:36:04','2021-12-23 18:36:04'),(180,19,'shadow','тень',NULL,'2021-12-23 18:36:04','2021-12-23 18:36:04'),(181,19,'leg','нога',NULL,'2021-12-23 18:36:05','2021-12-23 18:36:05'),(182,19,'tooth','зуб',NULL,'2021-12-23 18:36:05','2021-12-23 18:36:05'),(183,19,'foot','стопа',NULL,'2021-12-23 18:36:05','2021-12-23 18:36:05'),(184,19,'class','класс',NULL,'2021-12-23 18:36:05','2021-12-23 18:36:05'),(185,19,'match','матч',NULL,'2021-12-23 18:36:05','2021-12-23 18:36:05'),(186,19,'money','деньги',NULL,'2021-12-23 18:36:05','2021-12-23 18:36:05'),(187,19,'profession','профессия',NULL,'2021-12-23 18:36:05','2021-12-23 18:36:05'),(188,19,'work','работа',NULL,'2021-12-23 18:36:05','2021-12-23 18:36:05'),(189,19,'job','работа',NULL,'2021-12-23 18:36:06','2021-12-23 18:36:06'),(190,19,'day','день',NULL,'2021-12-23 18:36:06','2021-12-23 18:36:06'),(191,19,'week','неделя',NULL,'2021-12-23 18:36:06','2021-12-23 18:36:06'),(192,19,'month','месяц',NULL,'2021-12-23 18:36:06','2021-12-23 18:36:06'),(193,19,'year','год',NULL,'2021-12-23 18:36:06','2021-12-23 18:36:06'),(194,19,'information','информация',NULL,'2021-12-23 18:36:06','2021-12-23 18:36:06'),(195,8,'In case','в случае',NULL,'2021-12-23 18:40:09','2021-12-23 18:46:33'),(196,8,'in the case','в этом случае',NULL,'2021-12-23 18:40:09','2021-12-23 18:46:33'),(197,8,'in any case','в любом случае',NULL,'2021-12-23 18:40:09','2021-12-23 18:46:33'),(198,8,'probably','наверное',NULL,'2021-12-23 18:45:28','2021-12-23 18:46:33'),(199,8,'direct','непосредственно',NULL,'2021-12-23 18:45:28','2021-12-23 18:46:33'),(200,8,'approach','подход','Способ сделать что-либо.\nПримеры: Andrey has a different approach to the problem. - Андрей имеет другой подход к проблеме','2021-12-23 18:45:29','2021-12-23 18:46:33'),(201,8,'especially','особенно','Больше чем одно. Например: Он критикует его вес,
        особенно всего','2021-12-23 18:55:27','2021-12-23 18:55:27'),(202,8,'consists','состоит','Сформировано из одной или больше вещей:\nПример: Десерт состоит из крема','2021-12-23 18:55:27','2021-12-23 18:55:27'),(203,8,'contains','состоит','Если один вещь содержит что-то,
        то это и является следующим за словом contains\nПример: Он дал ей коробку с бриллиантовым кольцом - He gave her a box containing a diamond ring.','2021-12-23 18:55:27','2021-12-23 18:55:27'),(204,8,'Preface','Предисловие','То с чего начинают что-то главное,
        введение ','2021-12-23 18:55:27','2021-12-23 18:55:27'),(205,20,'the disaster','бедствие,
        катастрофа ','','2021-12-23 19:35:42','2021-12-23 19:35:42'),(206,20,'worried','беспокоится','','2021-12-23 19:35:42','2021-12-23 19:35:42'),(207,20,'nuclear war','ядерная война','','2021-12-23 19:35:42','2021-12-23 19:35:42'),(208,20,'barrel','бочка','Круглый контейнер для хранения жидкости и т.д. Т.е бочка','2021-12-23 19:35:42','2021-12-23 19:35:42'),(209,20,'filled','заполненная','','2021-12-23 19:35:43','2021-12-23 19:35:43'),(210,20,'cans','банки','','2021-12-23 19:35:43','2021-12-23 19:35:43'),(211,20,'to hunker','сесть на корточки','','2021-12-23 19:35:43','2021-12-23 19:35:43'),(212,20,'the greatest','величайший','','2021-12-23 19:35:43','2021-12-23 19:35:43'),(213,20,'Instead','вместо этого','','2021-12-23 19:35:43','2021-12-23 19:35:43'),(214,20,'infectious','инфекционный','','2021-12-23 19:35:43','2021-12-23 19:35:43'),(215,20,'microbes','микробы','','2021-12-23 19:35:43','2021-12-23 19:35:43'),(216,20,'part of the reason','отчасти это ....','','2021-12-23 19:35:44','2021-12-23 19:35:44'),(217,20,'investe','инвестировать','','2021-12-23 19:35:44','2021-12-23 19:35:44'),(218,20,'amount','количество','Сколько там чего.','2021-12-23 19:35:44','2021-12-23 19:35:44'),(219,23,'family','семья',NULL,'2021-12-30 18:00:32','2021-12-30 18:00:32'),(220,23,'parents','родители',NULL,'2021-12-30 18:00:33','2021-12-30 18:00:33'),(221,23,'mother','мать',NULL,'2021-12-30 18:00:34','2021-12-30 18:00:34'),(222,23,'father','отец',NULL,'2021-12-30 18:00:35','2021-12-30 18:00:35'),(223,23,'mam','мама',NULL,'2021-12-30 18:00:35','2021-12-30 18:00:35'),(224,23,'dad','папа',NULL,'2021-12-30 18:00:35','2021-12-30 18:00:35'),(225,23,'grandmother','бабушка',NULL,'2021-12-30 18:00:35','2021-12-30 18:00:35'),(226,23,'grandfather','дедушка',NULL,'2021-12-30 18:00:36','2021-12-30 18:00:36'),(227,23,'grandparents','бабушкии и дедушки',NULL,'2021-12-30 18:00:36','2021-12-30 18:00:36'),(228,23,'brother','брат',NULL,'2021-12-30 18:00:36','2021-12-30 18:00:36'),(229,23,'sister','сестра',NULL,'2021-12-30 18:00:36','2021-12-30 18:00:36'),(230,23,'aunt','тетя',NULL,'2021-12-30 18:00:37','2021-12-30 18:00:37'),(231,23,'uncle','дядя',NULL,'2021-12-30 18:00:37','2021-12-30 18:00:37'),(232,23,'niece','племянница',NULL,'2021-12-30 18:00:37','2021-12-30 18:00:37'),(233,23,'nephew','племянник',NULL,'2021-12-30 18:00:37','2021-12-30 18:00:37'),(234,23,'wife','жена',NULL,'2021-12-30 18:00:37','2021-12-30 18:00:37'),(235,23,'husband','муж',NULL,'2021-12-30 18:00:38','2021-12-30 18:00:38'),(236,23,'son','сын',NULL,'2021-12-30 18:00:38','2021-12-30 18:00:38'),(237,23,'daughter','дочь',NULL,'2021-12-30 18:00:38','2021-12-30 18:00:38'),(238,23,'children','дети',NULL,'2021-12-30 18:00:39','2021-12-30 18:00:39'),(239,23,'girlfriend','девушка',NULL,'2021-12-30 18:00:39','2021-12-30 18:00:39'),(240,23,'boyfriend','парень',NULL,'2021-12-30 18:00:40','2021-12-30 18:00:40'),(241,23,'teenager','подросток',NULL,'2021-12-30 18:00:40','2021-12-30 18:00:40'),(242,23,'relatives','родственники',NULL,'2021-12-30 18:00:40','2021-12-30 18:00:40'),(243,24,'Она мой подруга','she is my friend',NULL,'2021-12-30 18:54:46','2021-12-30 18:54:46'),(244,24,'Они мои друзья','they are my friends',NULL,'2021-12-30 18:54:46','2021-12-30 18:54:46'),(245,24,'Ты мой ребенок','you are my child',NULL,'2021-12-30 18:54:47','2021-12-30 18:54:47'),(246,24,'Я твой парень','i am your boyfriend',NULL,'2021-12-30 18:54:47','2021-12-30 18:54:47'),(247,24,'Они мои родители','they are my parents',NULL,'2021-12-30 18:54:48','2021-12-30 18:54:48'),(248,24,'Она моя кошка','It is my cat',NULL,'2021-12-30 18:54:49','2021-12-30 18:54:49'),(249,24,'Ты ее парень','you are her boyfriend',NULL,'2021-12-30 18:54:49','2021-12-30 18:54:49'),(250,24,'Он твой адвокат','he is your lawyer',NULL,'2021-12-30 18:54:49','2021-12-30 18:54:49'),(251,24,'Она будет моей женой','she will be my wife',NULL,'2021-12-30 18:54:50','2021-12-30 18:54:50'),(252,24,'Он был твоим адвокатом','He was your lawyer',NULL,'2021-12-30 18:54:51','2021-12-30 18:54:51'),(253,24,'Они не были нашими друзьями','They werenot our friends',NULL,'2021-12-30 18:54:52','2021-12-30 18:54:52'),(254,24,'Она их сестра','she is their sister',NULL,'2021-12-30 18:54:52','2021-12-30 18:54:52'),(255,24,'Я ваша тетя','i am your aunt',NULL,'2021-12-30 18:54:53','2021-12-30 18:54:53'),(256,24,'Я буду вашим врачом','i will be your doctor',NULL,'2021-12-30 18:54:53','2021-12-30 18:54:53'),(257,24,'Он был ее мужем','he was her husband',NULL,'2021-12-30 18:54:53','2021-12-30 18:54:53'),(258,24,'Это не моя кошка','it is not my cat',NULL,'2021-12-30 18:54:53','2021-12-30 18:54:53'),(259,24,'Это будет твой дом','It will be your house',NULL,'2021-12-30 18:54:53','2021-12-30 18:54:53'),(260,24,'Они будут моими друзьями','they will be my friends',NULL,'2021-12-30 18:54:54','2021-12-30 18:54:54'),(261,24,'Он будет нашим парнем','He will be our boyfriend',NULL,'2021-12-30 18:54:54','2021-12-30 18:54:54'),(262,24,'Мы твои друзья','We are your friends',NULL,'2021-12-30 18:54:54','2021-12-30 18:54:54'),(263,24,'Она моя ученица','She is my pupil',NULL,'2021-12-30 18:54:54','2021-12-30 18:54:54'),(264,24,'Ты будешь моим сыном','You will be my son',NULL,'2021-12-30 18:54:54','2021-12-30 18:54:54'),(265,24,'Я буду твоим другом','I will be your friend',NULL,'2021-12-30 18:54:55','2021-12-30 18:54:55'),(266,24,'Он будет моим учеником','He will be my pupil',NULL,'2021-12-30 18:54:55','2021-12-30 18:54:55'),(267,24,'Мы будем твоими братьями','We will be your brothers',NULL,'2021-12-30 18:54:55','2021-12-30 18:54:55'),(268,24,'Они твои повары','They are your cooks',NULL,'2021-12-30 18:54:55','2021-12-30 18:54:55'),(269,24,'Я буду вашим водителем','I will be your driver',NULL,'2021-12-30 18:54:56','2021-12-30 18:54:56'),(270,24,'Она будет нашим ученым','She will be our scientist',NULL,'2021-12-30 18:54:56','2021-12-30 18:54:56'),(271,24,'Ты станешь их колегой','You will be their colleague',NULL,'2021-12-30 18:54:56','2021-12-30 18:54:56'),(272,24,'Я твой инженером','I am your engineer',NULL,'2021-12-30 18:54:56','2021-12-30 18:54:56'),(273,24,'Она твоя девушка','She is your girl',NULL,'2021-12-30 18:54:56','2021-12-30 18:54:56'),(274,24,'Мы ее подруги','we are her friends',NULL,'2021-12-30 18:54:57','2021-12-30 18:54:57'),(275,24,'Это наше здание','it is our building',NULL,'2021-12-30 18:54:57','2021-12-30 18:54:57'),(276,32,'Этот парень плохой человек','This guy is a bad person',NULL,'2022-01-04 18:20:58','2022-01-04 18:20:58'),(277,32,'Этот опыт важней','This experience is important',NULL,'2022-01-04 18:20:58','2022-01-04 18:20:58'),(278,32,'Та фотография красивая','That photo is beautiful',NULL,'2022-01-04 18:20:58','2022-01-04 18:20:58'),(279,32,'Эта вода соленая','This water is salty',NULL,'2022-01-04 18:20:59','2022-01-04 18:20:59'),(280,32,'Это решение важное','This solution is important',NULL,'2022-01-04 18:20:59','2022-01-04 18:20:59'),(281,32,'Этот дизайнер действительно умный','This designer is really smart',NULL,'2022-01-04 18:20:59','2022-01-04 18:20:59'),(282,32,'Тот адвокат богатый','That lawyer is rich',NULL,'2022-01-04 18:20:59','2022-01-04 18:20:59'),(283,32,'Этот стакан холодный','This glass is cold',NULL,'2022-01-04 18:20:59','2022-01-04 18:20:59'),(284,32,'Тот человек хороший доктор','That person is a good doctor',NULL,'2022-01-04 18:21:00','2022-01-04 18:21:00'),(285,32,'Эта девушка странная','This girl is strange',NULL,'2022-01-04 18:21:01','2022-01-04 18:21:01'),(286,32,'Тот друг бесполезный','That friend is useless',NULL,'2022-01-04 18:21:01','2022-01-04 18:21:01'),(287,32,'Этот вода жидкая','This water is liquid',NULL,'2022-01-04 18:21:01','2022-01-04 18:21:01'),(288,32,'Этот чай вкусный','This tea is tasty',NULL,'2022-01-04 18:21:01','2022-01-04 18:21:01'),(289,32,'Эта книга интересная','This book is interesting',NULL,'2022-01-04 18:21:02','2022-01-04 18:21:02'),(290,32,'Этот человек полезный','This person is useful',NULL,'2022-01-04 18:21:02','2022-01-04 18:21:02'),(291,32,'Та машина быстрая','That car is fast',NULL,'2022-01-04 18:21:02','2022-01-04 18:21:02'),(292,32,'Это коробка большая','This box is big',NULL,'2022-01-04 18:21:02','2022-01-04 18:21:02'),(293,32,'Та игра действительно крутая','That game is really cool',NULL,'2022-01-04 18:21:03','2022-01-04 18:21:03'),(294,32,'Та девушка застенчивая','That girl is shy',NULL,'2022-01-04 18:21:03','2022-01-04 18:21:03'),(295,32,'Этот парень доволен','This guy is glad',NULL,'2022-01-04 18:21:04','2022-01-04 18:21:04'),(296,32,'Тот друг в порядке','That friend is fine',NULL,'2022-01-04 18:21:04','2022-01-04 18:21:04'),(297,32,'Эта информация важная','This information is important',NULL,'2022-01-04 18:21:04','2022-01-04 18:21:04'),(298,32,'Тот парень бесполезный секретарь','That guy is an useless secretary',NULL,'2022-01-04 18:21:04','2022-01-04 18:21:04'),(299,32,'Это решение дорогое','This solution is expensive',NULL,'2022-01-04 18:21:04','2022-01-04 18:21:04'),(300,20,'explain','Объяснить','','2022-01-04 19:43:47','2022-01-04 19:43:47'),(301,20,'my hometown','Мой родной город','','2022-01-04 19:43:48','2022-01-04 19:43:48'),(302,20,'received','принимать','','2022-01-04 19:43:50','2022-01-04 19:43:50'),(303,20,'форс','сила,
        форсировать','Пример: gravitation force - сила гравитации','2022-01-04 19:43:50','2022-01-04 19:43:50'),(304,20,'to knock out','Выбивать,
        выколачивать, свалить с ног','Ну это когда допустим,
        мы накаутировали кого-то или выбили','2022-01-04 19:43:50','2022-01-04 19:43:50'),(305,20,'Dude','Чел','','2022-01-04 19:43:50','2022-01-04 19:43:50'),(306,20,'to lean back','Отклоняться назад','','2022-01-04 19:43:51','2022-01-04 19:43:51'),(307,20,'to be super psyched','Очень рад','Пример:\nПоздравляю,
        я очень рад за тебя - Congratulation,
        I am super psyched for you','2022-01-04 19:43:51','2022-01-04 19:43:51'),(308,20,'clip','клип','как у нас','2022-01-04 19:43:52','2022-01-04 19:43:52'),(309,20,'Check this out','Проверьте это,
        посмотрите, зацените ','','2022-01-04 19:43:52','2022-01-04 19:43:52'),(310,20,'recovery','Выздоровление,
        восстановление ','','2022-01-04 19:43:52','2022-01-04 19:43:52'),(311,34,'in the morning','Утром','','2022-01-05 17:46:38','2022-01-05 17:46:38'),(312,34,'In the evening','Вечером','','2022-01-05 17:46:38','2022-01-05 17:46:38'),(313,34,'in the park','В парке','','2022-01-05 17:46:38','2022-01-05 17:46:38'),(314,34,'in the morning','Утром','','2022-01-05 17:46:39','2022-01-05 17:46:39'),(315,34,'In the evening','Вечером','','2022-01-05 17:46:39','2022-01-05 17:46:39'),(316,34,'in the park','В парке','','2022-01-05 17:46:39','2022-01-05 17:46:39'),(317,34,'recently','в последнее время','','2022-01-05 18:02:41','2022-01-05 18:02:41'),(318,34,'often','часто','','2022-01-05 18:02:41','2022-01-05 18:02:41'),(319,34,'always','всегда','','2022-01-05 18:02:42','2022-01-05 18:02:42'),(320,34,'soon','скоро','','2022-01-05 18:08:54','2022-01-05 18:08:54'),(321,34,'Before','До','','2022-01-05 18:08:54','2022-01-05 18:08:54'),(322,34,'After','После','','2022-01-05 18:08:54','2022-01-05 18:08:54'),(323,35,'before','до','До чего-то,
        раньше чего-то\n\nI was at work before my friend. — Я был на работе до моего друга (раньше, чем он).','2022-01-06 17:52:21','2022-01-06 17:52:21'),(324,35,'until','до','тоже переводится как «до»,
        но в значении «вплоть до какого-то момента»\n\nI will be at work until lunch. — Я буду на работе до обеда (вплоть до обеда).','2022-01-06 17:52:22','2022-01-06 17:52:22'),(325,35,'after','после чего-то','после чего-то\nI will not be at work after lunch. — Меня не будет на работе после обеда.','2022-01-06 17:52:22','2022-01-06 17:52:22'),(326,35,'since','начиная с какого-то момента','начиная с какого-то момента\n\nI am sick since yesterday. — Я болен со вчерашнего дня.','2022-01-06 17:52:22','2022-01-06 17:52:22'),(327,35,'during','во время,
        в течение','во время,
        в течение\nI was at work during the game. — Я был на работе во время игры.','2022-01-06 17:52:22','2022-01-06 17:52:22'),(328,35,'in','через','когда речь идет о времени,
        предлог in значит «через какой-то промежуток времени»\nI will be at home in an hour. — Я буду дома через час.','2022-01-06 17:52:23','2022-01-06 17:52:23'),(329,35,'by','к определенному времени','к определенному времени\nI will be in Italy by tomorrow. — Я буду в Италии к завтрашнему дню.','2022-01-06 17:52:23','2022-01-06 17:52:23');
/*!40000 ALTER TABLE `words` ENABLE KEYS */;
UNLOCK TABLES;

--
-- Table structure for table `words_practice_statistics`
--

DROP TABLE IF EXISTS `words_practice_statistics`;
/*!40101 SET @saved_cs_client     = @@character_set_client */;
/*!40101 SET character_set_client = utf8 */;
CREATE TABLE `words_practice_statistics` (
  `id` bigint unsigned NOT NULL AUTO_INCREMENT,
  `library_id` bigint unsigned NOT NULL,
  `count_words` int NOT NULL,
  `count_wrong` int NOT NULL,
  `count_true` int NOT NULL,
  `created_at` timestamp NULL DEFAULT NULL,
  `updated_at` timestamp NULL DEFAULT NULL,
  PRIMARY KEY (`id`),
  KEY `words_practice_staticts_libraries_id_fk` (`library_id`),
  CONSTRAINT `words_practice_staticts_libraries_id_fk` FOREIGN KEY (`library_id`) REFERENCES `libraries` (`id`)
) ENGINE=InnoDB AUTO_INCREMENT=15 DEFAULT CHARSET=utf8mb4 COLLATE=utf8mb4_unicode_ci;
/*!40101 SET character_set_client = @saved_cs_client */;

--
-- Dumping data for table `words_practice_statistics`
--

LOCK TABLES `words_practice_statistics` WRITE;
/*!40000 ALTER TABLE `words_practice_statistics` DISABLE KEYS */;
INSERT INTO `words_practice_statistics` VALUES (11,8,3,3,0,'2021-12-23 18:23:55','2021-12-23 18:23:55'),(12,8,3,3,0,'2021-12-23 18:24:06','2021-12-23 18:24:06'),(13,24,33,3,30,'2021-12-31 18:45:12','2021-12-31 18:45:12'),(14,24,33,6,27,'2022-01-04 19:12:43','2022-01-04 19:12:43');
/*!40000 ALTER TABLE `words_practice_statistics` ENABLE KEYS */;
UNLOCK TABLES;
/*!40103 SET TIME_ZONE=@OLD_TIME_ZONE */;

/*!40101 SET SQL_MODE=@OLD_SQL_MODE */;
/*!40014 SET FOREIGN_KEY_CHECKS=@OLD_FOREIGN_KEY_CHECKS */;
/*!40014 SET UNIQUE_CHECKS=@OLD_UNIQUE_CHECKS */;
/*!40101 SET CHARACTER_SET_CLIENT=@OLD_CHARACTER_SET_CLIENT */;
/*!40101 SET CHARACTER_SET_RESULTS=@OLD_CHARACTER_SET_RESULTS */;
/*!40101 SET COLLATION_CONNECTION=@OLD_COLLATION_CONNECTION */;
/*!40111 SET SQL_NOTES=@OLD_SQL_NOTES */;

-- Dump completed on 2022-01-09  7:59:41
